"filename", "language", "JSON", "TypeScript", "Markdown", "YAML", "JSON with Comments", "SQL", "Properties", "JavaScript", "CSS", "Prisma", "HTML", "XML", "TypeScript JSX", "CSV", "comment", "blank", "total"
"/dev-arthur/Projects/Padel/.github/workflows/playwright.yml", "YAML", 0, 0, 0, 27, 0, 0, 0, 0, 0, 0, 0, 0, 0, 0, 0, 1, 28
"/dev-arthur/Projects/Padel/client/.env", "Properties", 0, 0, 0, 0, 0, 0, 1, 0, 0, 0, 0, 0, 0, 0, 0, 0, 1
"/dev-arthur/Projects/Padel/client/.eslintrc.cjs", "JavaScript", 0, 0, 0, 0, 0, 0, 0, 23, 0, 0, 0, 0, 0, 0, 0, 1, 24
"/dev-arthur/Projects/Padel/client/.prettierrc.json", "JSON", 12, 0, 0, 0, 0, 0, 0, 0, 0, 0, 0, 0, 0, 0, 0, 1, 13
"/dev-arthur/Projects/Padel/client/README.md", "Markdown", 0, 0, 22, 0, 0, 0, 0, 0, 0, 0, 0, 0, 0, 0, 0, 9, 31
"/dev-arthur/Projects/Padel/client/components.json", "JSON", 16, 0, 0, 0, 0, 0, 0, 0, 0, 0, 0, 0, 0, 0, 0, 0, 16
"/dev-arthur/Projects/Padel/client/index.html", "HTML", 0, 0, 0, 0, 0, 0, 0, 0, 0, 0, 13, 0, 0, 0, 0, 1, 14
"/dev-arthur/Projects/Padel/client/package-lock.json", "JSON", 6325, 0, 0, 0, 0, 0, 0, 0, 0, 0, 0, 0, 0, 0, 0, 1, 6326
"/dev-arthur/Projects/Padel/client/package.json", "JSON", 77, 0, 0, 0, 0, 0, 0, 0, 0, 0, 0, 0, 0, 0, 0, 1, 78
"/dev-arthur/Projects/Padel/client/postcss.config.js", "JavaScript", 0, 0, 0, 0, 0, 0, 0, 6, 0, 0, 0, 0, 0, 0, 0, 1, 7
"/dev-arthur/Projects/Padel/client/public/ball.svg", "XML", 0, 0, 0, 0, 0, 0, 0, 0, 0, 0, 0, 1, 0, 0, 0, 0, 1
"/dev-arthur/Projects/Padel/client/public/vite.svg", "XML", 0, 0, 0, 0, 0, 0, 0, 0, 0, 0, 0, 1, 0, 0, 0, 0, 1
"/dev-arthur/Projects/Padel/client/src/App.tsx", "TypeScript JSX", 0, 0, 0, 0, 0, 0, 0, 0, 0, 0, 0, 0, 36, 0, 0, 4, 40
"/dev-arthur/Projects/Padel/client/src/assets/react.svg", "XML", 0, 0, 0, 0, 0, 0, 0, 0, 0, 0, 0, 1, 0, 0, 0, 0, 1
"/dev-arthur/Projects/Padel/client/src/axiosInstance.ts", "TypeScript", 0, 75, 0, 0, 0, 0, 0, 0, 0, 0, 0, 0, 0, 0, 1, 18, 94
"/dev-arthur/Projects/Padel/client/src/components/custom/availableMatchesSelectCard.tsx", "TypeScript JSX", 0, 0, 0, 0, 0, 0, 0, 0, 0, 0, 0, 0, 258, 0, 0, 15, 273
"/dev-arthur/Projects/Padel/client/src/components/custom/combobox.tsx", "TypeScript JSX", 0, 0, 0, 0, 0, 0, 0, 0, 0, 0, 0, 0, 97, 0, 0, 6, 103
"/dev-arthur/Projects/Padel/client/src/components/custom/coolButton.tsx", "TypeScript JSX", 0, 0, 0, 0, 0, 0, 0, 0, 0, 0, 0, 0, 61, 0, 2, 4, 67
"/dev-arthur/Projects/Padel/client/src/components/custom/courtsByPlaceCheckBox.tsx", "TypeScript JSX", 0, 0, 0, 0, 0, 0, 0, 0, 0, 0, 0, 0, 119, 0, 0, 6, 125
"/dev-arthur/Projects/Padel/client/src/components/custom/doublesCard.tsx", "TypeScript JSX", 0, 0, 0, 0, 0, 0, 0, 0, 0, 0, 0, 0, 261, 0, 1, 18, 280
"/dev-arthur/Projects/Padel/client/src/components/custom/doublesForm.tsx", "TypeScript JSX", 0, 0, 0, 0, 0, 0, 0, 0, 0, 0, 0, 0, 155, 0, 0, 14, 169
"/dev-arthur/Projects/Padel/client/src/components/custom/errorAlert.tsx", "TypeScript JSX", 0, 0, 0, 0, 0, 0, 0, 0, 0, 0, 0, 0, 14, 0, 0, 3, 17
"/dev-arthur/Projects/Padel/client/src/components/custom/eventCard.tsx", "TypeScript JSX", 0, 0, 0, 0, 0, 0, 0, 0, 0, 0, 0, 0, 71, 0, 1, 5, 77
"/dev-arthur/Projects/Padel/client/src/components/custom/eventDashboard.tsx", "TypeScript JSX", 0, 0, 0, 0, 0, 0, 0, 0, 0, 0, 0, 0, 786, 0, 3, 36, 825
"/dev-arthur/Projects/Padel/client/src/components/custom/eventForm.tsx", "TypeScript JSX", 0, 0, 0, 0, 0, 0, 0, 0, 0, 0, 0, 0, 524, 0, 5, 18, 547
"/dev-arthur/Projects/Padel/client/src/components/custom/eventInfoCard.tsx", "TypeScript JSX", 0, 0, 0, 0, 0, 0, 0, 0, 0, 0, 0, 0, 82, 0, 0, 4, 86
"/dev-arthur/Projects/Padel/client/src/components/custom/eventRequestsCard.tsx", "TypeScript JSX", 0, 0, 0, 0, 0, 0, 0, 0, 0, 0, 0, 0, 189, 0, 0, 6, 195
"/dev-arthur/Projects/Padel/client/src/components/custom/eventsTable/columns.tsx", "TypeScript JSX", 0, 0, 0, 0, 0, 0, 0, 0, 0, 0, 0, 0, 140, 0, 42, 7, 189
"/dev-arthur/Projects/Padel/client/src/components/custom/eventsTable/eventDoublesTable.tsx", "TypeScript JSX", 0, 0, 0, 0, 0, 0, 0, 0, 0, 0, 0, 0, 213, 0, 1, 8, 222
"/dev-arthur/Projects/Padel/client/src/components/custom/findPlayersDrawerDialog.tsx", "TypeScript JSX", 0, 0, 0, 0, 0, 0, 0, 0, 0, 0, 0, 0, 82, 0, 0, 7, 89
"/dev-arthur/Projects/Padel/client/src/components/custom/invitationBlock.tsx", "TypeScript JSX", 0, 0, 0, 0, 0, 0, 0, 0, 0, 0, 0, 0, 306, 0, 4, 10, 320
"/dev-arthur/Projects/Padel/client/src/components/custom/loginForm.tsx", "TypeScript JSX", 0, 0, 0, 0, 0, 0, 0, 0, 0, 0, 0, 0, 174, 0, 8, 10, 192
"/dev-arthur/Projects/Padel/client/src/components/custom/matchCard.tsx", "TypeScript JSX", 0, 0, 0, 0, 0, 0, 0, 0, 0, 0, 0, 0, 182, 0, 2, 15, 199
"/dev-arthur/Projects/Padel/client/src/components/custom/matchCard/styledMatchResult.tsx", "TypeScript JSX", 0, 0, 0, 0, 0, 0, 0, 0, 0, 0, 0, 0, 412, 0, 8, 13, 433
"/dev-arthur/Projects/Padel/client/src/components/custom/matchDatesTable/columns.tsx", "TypeScript JSX", 0, 0, 0, 0, 0, 0, 0, 0, 0, 0, 0, 0, 92, 0, 0, 3, 95
"/dev-arthur/Projects/Padel/client/src/components/custom/matchDatesTable/matchDatesTable.tsx", "TypeScript JSX", 0, 0, 0, 0, 0, 0, 0, 0, 0, 0, 0, 0, 410, 0, 5, 18, 433
"/dev-arthur/Projects/Padel/client/src/components/custom/matchDatesTable/selectCategory.tsx", "TypeScript JSX", 0, 0, 0, 0, 0, 0, 0, 0, 0, 0, 0, 0, 48, 0, 0, 5, 53
"/dev-arthur/Projects/Padel/client/src/components/custom/matchDatesTable/selectCourt.tsx", "TypeScript JSX", 0, 0, 0, 0, 0, 0, 0, 0, 0, 0, 0, 0, 45, 0, 0, 5, 50
"/dev-arthur/Projects/Padel/client/src/components/custom/matchDatesTable/selectDoubles.tsx", "TypeScript JSX", 0, 0, 0, 0, 0, 0, 0, 0, 0, 0, 0, 0, 59, 0, 0, 4, 63
"/dev-arthur/Projects/Padel/client/src/components/custom/matchForm.tsx", "TypeScript JSX", 0, 0, 0, 0, 0, 0, 0, 0, 0, 0, 0, 0, 167, 0, 0, 11, 178
"/dev-arthur/Projects/Padel/client/src/components/custom/matchesCarousel.tsx", "TypeScript JSX", 0, 0, 0, 0, 0, 0, 0, 0, 0, 0, 0, 0, 42, 0, 1, 3, 46
"/dev-arthur/Projects/Padel/client/src/components/custom/matchesGrid.tsx", "TypeScript JSX", 0, 0, 0, 0, 0, 0, 0, 0, 0, 0, 0, 0, 27, 0, 0, 3, 30
"/dev-arthur/Projects/Padel/client/src/components/custom/placeForm.tsx", "TypeScript JSX", 0, 0, 0, 0, 0, 0, 0, 0, 0, 0, 0, 0, 131, 0, 0, 13, 144
"/dev-arthur/Projects/Padel/client/src/components/custom/playerCard.tsx", "TypeScript JSX", 0, 0, 0, 0, 0, 0, 0, 0, 0, 0, 0, 0, 81, 0, 2, 11, 94
"/dev-arthur/Projects/Padel/client/src/components/custom/playerForm.tsx", "TypeScript JSX", 0, 0, 0, 0, 0, 0, 0, 0, 0, 0, 0, 0, 149, 0, 0, 13, 162
"/dev-arthur/Projects/Padel/client/src/components/custom/playerSelectByCategory.tsx", "TypeScript JSX", 0, 0, 0, 0, 0, 0, 0, 0, 0, 0, 0, 0, 144, 0, 0, 9, 153
"/dev-arthur/Projects/Padel/client/src/components/custom/profileActivityCard.tsx", "TypeScript JSX", 0, 0, 0, 0, 0, 0, 0, 0, 0, 0, 0, 0, 34, 0, 0, 2, 36
"/dev-arthur/Projects/Padel/client/src/components/custom/profileDashboard.tsx", "TypeScript JSX", 0, 0, 0, 0, 0, 0, 0, 0, 0, 0, 0, 0, 220, 0, 0, 25, 245
"/dev-arthur/Projects/Padel/client/src/components/custom/profileDoublesTable/profileDoublesColumns.tsx", "TypeScript JSX", 0, 0, 0, 0, 0, 0, 0, 0, 0, 0, 0, 0, 105, 0, 8, 6, 119
"/dev-arthur/Projects/Padel/client/src/components/custom/profileDoublesTable/profileDoublesTable.tsx", "TypeScript JSX", 0, 0, 0, 0, 0, 0, 0, 0, 0, 0, 0, 0, 121, 0, 100, 7, 228
"/dev-arthur/Projects/Padel/client/src/components/custom/profileDoublesTableCard.tsx", "TypeScript JSX", 0, 0, 0, 0, 0, 0, 0, 0, 0, 0, 0, 0, 35, 0, 0, 2, 37
"/dev-arthur/Projects/Padel/client/src/components/custom/profileEventsAttendedCard.tsx", "TypeScript JSX", 0, 0, 0, 0, 0, 0, 0, 0, 0, 0, 0, 0, 48, 0, 0, 2, 50
"/dev-arthur/Projects/Padel/client/src/components/custom/profileHeaderCard.tsx", "TypeScript JSX", 0, 0, 0, 0, 0, 0, 0, 0, 0, 0, 0, 0, 39, 0, 0, 2, 41
"/dev-arthur/Projects/Padel/client/src/components/custom/profileInvitesCard.tsx", "TypeScript JSX", 0, 0, 0, 0, 0, 0, 0, 0, 0, 0, 0, 0, 97, 0, 0, 2, 99
"/dev-arthur/Projects/Padel/client/src/components/custom/profileMatchesInfoCard.tsx", "TypeScript JSX", 0, 0, 0, 0, 0, 0, 0, 0, 0, 0, 0, 0, 40, 0, 0, 2, 42
"/dev-arthur/Projects/Padel/client/src/components/custom/profileMatchesTable/profileMatchesColumns.tsx", "TypeScript JSX", 0, 0, 0, 0, 0, 0, 0, 0, 0, 0, 0, 0, 140, 0, 0, 9, 149
"/dev-arthur/Projects/Padel/client/src/components/custom/profileMatchesTable/profileMatchesTable.tsx", "TypeScript JSX", 0, 0, 0, 0, 0, 0, 0, 0, 0, 0, 0, 0, 121, 0, 0, 5, 126
"/dev-arthur/Projects/Padel/client/src/components/custom/profileMatchesTableCard.tsx", "TypeScript JSX", 0, 0, 0, 0, 0, 0, 0, 0, 0, 0, 0, 0, 35, 0, 0, 2, 37
"/dev-arthur/Projects/Padel/client/src/components/custom/profileMatchesTabs.tsx", "TypeScript JSX", 0, 0, 0, 0, 0, 0, 0, 0, 0, 0, 0, 0, 76, 0, 0, 4, 80
"/dev-arthur/Projects/Padel/client/src/components/custom/profilePictureDrawer.tsx", "TypeScript JSX", 0, 0, 0, 0, 0, 0, 0, 0, 0, 0, 0, 0, 81, 0, 0, 6, 87
"/dev-arthur/Projects/Padel/client/src/components/custom/profilePictureForm.tsx", "TypeScript JSX", 0, 0, 0, 0, 0, 0, 0, 0, 0, 0, 0, 0, 81, 0, 41, 15, 137
"/dev-arthur/Projects/Padel/client/src/components/custom/registerDoublesForm.tsx", "TypeScript JSX", 0, 0, 0, 0, 0, 0, 0, 0, 0, 0, 0, 0, 98, 0, 4, 12, 114
"/dev-arthur/Projects/Padel/client/src/components/custom/registerLoginForm.tsx", "TypeScript JSX", 0, 0, 0, 0, 0, 0, 0, 0, 0, 0, 0, 0, 411, 0, 20, 15, 446
"/dev-arthur/Projects/Padel/client/src/components/custom/rootSheet.tsx", "TypeScript JSX", 0, 0, 0, 0, 0, 0, 0, 0, 0, 0, 0, 0, 241, 0, 4, 5, 250
"/dev-arthur/Projects/Padel/client/src/components/custom/selectCategories.tsx", "TypeScript JSX", 0, 0, 0, 0, 0, 0, 0, 0, 0, 0, 0, 0, 37, 0, 0, 3, 40
"/dev-arthur/Projects/Padel/client/src/components/custom/signInAsPlayerForm.tsx", "TypeScript JSX", 0, 0, 0, 0, 0, 0, 0, 0, 0, 0, 0, 0, 212, 0, 0, 15, 227
"/dev-arthur/Projects/Padel/client/src/components/custom/updateEventForm.tsx", "TypeScript JSX", 0, 0, 0, 0, 0, 0, 0, 0, 0, 0, 0, 0, 587, 0, 3, 24, 614
"/dev-arthur/Projects/Padel/client/src/components/custom/userDropdown.tsx", "TypeScript JSX", 0, 0, 0, 0, 0, 0, 0, 0, 0, 0, 0, 0, 110, 0, 1, 7, 118
"/dev-arthur/Projects/Padel/client/src/components/filter.tsx", "TypeScript JSX", 0, 0, 0, 0, 0, 0, 0, 0, 0, 0, 0, 0, 88, 0, 7, 7, 102
"/dev-arthur/Projects/Padel/client/src/components/themeProvider.tsx", "TypeScript JSX", 0, 0, 0, 0, 0, 0, 0, 0, 0, 0, 0, 0, 58, 0, 0, 17, 75
"/dev-arthur/Projects/Padel/client/src/components/ui/alert.tsx", "TypeScript JSX", 0, 0, 0, 0, 0, 0, 0, 0, 0, 0, 0, 0, 53, 0, 0, 7, 60
"/dev-arthur/Projects/Padel/client/src/components/ui/avatar.tsx", "TypeScript JSX", 0, 0, 0, 0, 0, 0, 0, 0, 0, 0, 0, 0, 43, 0, 0, 6, 49
"/dev-arthur/Projects/Padel/client/src/components/ui/badge.tsx", "TypeScript JSX", 0, 0, 0, 0, 0, 0, 0, 0, 0, 0, 0, 0, 31, 0, 0, 6, 37
"/dev-arthur/Projects/Padel/client/src/components/ui/breadcrumb.tsx", "TypeScript JSX", 0, 0, 0, 0, 0, 0, 0, 0, 0, 0, 0, 0, 105, 0, 0, 11, 116
"/dev-arthur/Projects/Padel/client/src/components/ui/button.tsx", "TypeScript JSX", 0, 0, 0, 0, 0, 0, 0, 0, 0, 0, 0, 0, 52, 0, 0, 6, 58
"/dev-arthur/Projects/Padel/client/src/components/ui/calendar.tsx", "TypeScript JSX", 0, 0, 0, 0, 0, 0, 0, 0, 0, 0, 0, 0, 61, 0, 5, 5, 71
"/dev-arthur/Projects/Padel/client/src/components/ui/card.tsx", "TypeScript JSX", 0, 0, 0, 0, 0, 0, 0, 0, 0, 0, 0, 0, 68, 0, 0, 9, 77
"/dev-arthur/Projects/Padel/client/src/components/ui/carousel.tsx", "TypeScript JSX", 0, 0, 0, 0, 0, 0, 0, 0, 0, 0, 0, 0, 231, 0, 0, 30, 261
"/dev-arthur/Projects/Padel/client/src/components/ui/checkbox.tsx", "TypeScript JSX", 0, 0, 0, 0, 0, 0, 0, 0, 0, 0, 0, 0, 25, 0, 0, 4, 29
"/dev-arthur/Projects/Padel/client/src/components/ui/command.tsx", "TypeScript JSX", 0, 0, 0, 0, 0, 0, 0, 0, 0, 0, 0, 0, 136, 0, 0, 18, 154
"/dev-arthur/Projects/Padel/client/src/components/ui/dialog.tsx", "TypeScript JSX", 0, 0, 0, 0, 0, 0, 0, 0, 0, 0, 0, 0, 108, 0, 0, 13, 121
"/dev-arthur/Projects/Padel/client/src/components/ui/drawer.tsx", "TypeScript JSX", 0, 0, 0, 0, 0, 0, 0, 0, 0, 0, 0, 0, 104, 0, 0, 13, 117
"/dev-arthur/Projects/Padel/client/src/components/ui/dropdown-menu.tsx", "TypeScript JSX", 0, 0, 0, 0, 0, 0, 0, 0, 0, 0, 0, 0, 186, 0, 0, 18, 204
"/dev-arthur/Projects/Padel/client/src/components/ui/form.tsx", "TypeScript JSX", 0, 0, 0, 0, 0, 0, 0, 0, 0, 0, 0, 0, 152, 0, 0, 25, 177
"/dev-arthur/Projects/Padel/client/src/components/ui/input.tsx", "TypeScript JSX", 0, 0, 0, 0, 0, 0, 0, 0, 0, 0, 0, 0, 21, 0, 0, 5, 26
"/dev-arthur/Projects/Padel/client/src/components/ui/label.tsx", "TypeScript JSX", 0, 0, 0, 0, 0, 0, 0, 0, 0, 0, 0, 0, 20, 0, 0, 5, 25
"/dev-arthur/Projects/Padel/client/src/components/ui/moving-border.tsx", "TypeScript JSX", 0, 0, 0, 0, 0, 0, 0, 0, 0, 0, 0, 0, 72, 0, 1, 6, 79
"/dev-arthur/Projects/Padel/client/src/components/ui/pagination.tsx", "TypeScript JSX", 0, 0, 0, 0, 0, 0, 0, 0, 0, 0, 0, 0, 111, 0, 0, 11, 122
"/dev-arthur/Projects/Padel/client/src/components/ui/popover.tsx", "TypeScript JSX", 0, 0, 0, 0, 0, 0, 0, 0, 0, 0, 0, 0, 25, 0, 0, 7, 32
"/dev-arthur/Projects/Padel/client/src/components/ui/progress.tsx", "TypeScript JSX", 0, 0, 0, 0, 0, 0, 0, 0, 0, 0, 0, 0, 23, 0, 0, 4, 27
"/dev-arthur/Projects/Padel/client/src/components/ui/select.tsx", "TypeScript JSX", 0, 0, 0, 0, 0, 0, 0, 0, 0, 0, 0, 0, 150, 0, 0, 13, 163
"/dev-arthur/Projects/Padel/client/src/components/ui/separator.tsx", "TypeScript JSX", 0, 0, 0, 0, 0, 0, 0, 0, 0, 0, 0, 0, 26, 0, 0, 4, 30
"/dev-arthur/Projects/Padel/client/src/components/ui/sheet.tsx", "TypeScript JSX", 0, 0, 0, 0, 0, 0, 0, 0, 0, 0, 0, 0, 124, 0, 0, 15, 139
"/dev-arthur/Projects/Padel/client/src/components/ui/switch.tsx", "TypeScript JSX", 0, 0, 0, 0, 0, 0, 0, 0, 0, 0, 0, 0, 24, 0, 0, 4, 28
"/dev-arthur/Projects/Padel/client/src/components/ui/table.tsx", "TypeScript JSX", 0, 0, 0, 0, 0, 0, 0, 0, 0, 0, 0, 0, 110, 0, 0, 11, 121
"/dev-arthur/Projects/Padel/client/src/components/ui/tabs.tsx", "TypeScript JSX", 0, 0, 0, 0, 0, 0, 0, 0, 0, 0, 0, 0, 47, 0, 0, 7, 54
"/dev-arthur/Projects/Padel/client/src/components/ui/toast.tsx", "TypeScript JSX", 0, 0, 0, 0, 0, 0, 0, 0, 0, 0, 0, 0, 115, 0, 0, 13, 128
"/dev-arthur/Projects/Padel/client/src/components/ui/toaster.tsx", "TypeScript JSX", 0, 0, 0, 0, 0, 0, 0, 0, 0, 0, 0, 0, 31, 0, 0, 3, 34
"/dev-arthur/Projects/Padel/client/src/components/ui/tooltip.tsx", "TypeScript JSX", 0, 0, 0, 0, 0, 0, 0, 0, 0, 0, 0, 0, 22, 0, 0, 7, 29
"/dev-arthur/Projects/Padel/client/src/components/ui/use-toast.ts", "TypeScript", 0, 157, 0, 0, 0, 0, 0, 0, 0, 0, 0, 0, 0, 0, 3, 31, 191
"/dev-arthur/Projects/Padel/client/src/components/validators/register.ts", "TypeScript", 0, 15, 0, 0, 0, 0, 0, 0, 0, 0, 0, 0, 0, 0, 0, 2, 17
"/dev-arthur/Projects/Padel/client/src/hooks/useAuth.tsx", "TypeScript JSX", 0, 0, 0, 0, 0, 0, 0, 0, 0, 0, 0, 0, 13, 0, 1, 5, 19
"/dev-arthur/Projects/Padel/client/src/hooks/useGetCategories.tsx", "TypeScript JSX", 0, 0, 0, 0, 0, 0, 0, 0, 0, 0, 0, 0, 27, 0, 0, 5, 32
"/dev-arthur/Projects/Padel/client/src/hooks/useGetDoubles.tsx", "TypeScript JSX", 0, 0, 0, 0, 0, 0, 0, 0, 0, 0, 0, 0, 22, 0, 0, 3, 25
"/dev-arthur/Projects/Padel/client/src/hooks/useGetDoublesInEvent.tsx", "TypeScript JSX", 0, 0, 0, 0, 0, 0, 0, 0, 0, 0, 0, 0, 49, 0, 5, 13, 67
"/dev-arthur/Projects/Padel/client/src/hooks/useGetEventById.tsx", "TypeScript JSX", 0, 0, 0, 0, 0, 0, 0, 0, 0, 0, 0, 0, 38, 0, 0, 4, 42
"/dev-arthur/Projects/Padel/client/src/hooks/useGetEventMatchDates.tsx", "TypeScript JSX", 0, 0, 0, 0, 0, 0, 0, 0, 0, 0, 0, 0, 29, 0, 0, 3, 32
"/dev-arthur/Projects/Padel/client/src/hooks/useGetEventMatchesInfoById.tsx", "TypeScript JSX", 0, 0, 0, 0, 0, 0, 0, 0, 0, 0, 0, 0, 30, 0, 0, 3, 33
"/dev-arthur/Projects/Padel/client/src/hooks/useGetEventRequests.tsx", "TypeScript JSX", 0, 0, 0, 0, 0, 0, 0, 0, 0, 0, 0, 0, 30, 0, 0, 3, 33
"/dev-arthur/Projects/Padel/client/src/hooks/useGetEvents.tsx", "TypeScript JSX", 0, 0, 0, 0, 0, 0, 0, 0, 0, 0, 0, 0, 22, 0, 0, 3, 25
"/dev-arthur/Projects/Padel/client/src/hooks/useGetMatchById.tsx", "TypeScript JSX", 0, 0, 0, 0, 0, 0, 0, 0, 0, 0, 0, 0, 30, 0, 0, 3, 33
"/dev-arthur/Projects/Padel/client/src/hooks/useGetMatchDateById.tsx", "TypeScript JSX", 0, 0, 0, 0, 0, 0, 0, 0, 0, 0, 0, 0, 30, 0, 0, 3, 33
"/dev-arthur/Projects/Padel/client/src/hooks/useGetMatchDoublesWithGames.tsx", "TypeScript JSX", 0, 0, 0, 0, 0, 0, 0, 0, 0, 0, 0, 0, 35, 0, 0, 4, 39
"/dev-arthur/Projects/Padel/client/src/hooks/useGetPlaceWithCourts.tsx", "TypeScript JSX", 0, 0, 0, 0, 0, 0, 0, 0, 0, 0, 0, 0, 33, 0, 0, 3, 36
"/dev-arthur/Projects/Padel/client/src/hooks/useGetPlaces.tsx", "TypeScript JSX", 0, 0, 0, 0, 0, 0, 0, 0, 0, 0, 0, 0, 18, 0, 0, 3, 21
"/dev-arthur/Projects/Padel/client/src/hooks/useGetPlayerById.tsx", "TypeScript JSX", 0, 0, 0, 0, 0, 0, 0, 0, 0, 0, 0, 0, 30, 0, 0, 3, 33
"/dev-arthur/Projects/Padel/client/src/hooks/useGetPlayers.tsx", "TypeScript JSX", 0, 0, 0, 0, 0, 0, 0, 0, 0, 0, 0, 0, 18, 0, 0, 3, 21
"/dev-arthur/Projects/Padel/client/src/hooks/useGetRole.tsx", "TypeScript JSX", 0, 0, 0, 0, 0, 0, 0, 0, 0, 0, 0, 0, 25, 0, 0, 3, 28
"/dev-arthur/Projects/Padel/client/src/hooks/useGetUser.tsx", "TypeScript JSX", 0, 0, 0, 0, 0, 0, 0, 0, 0, 0, 0, 0, 23, 0, 0, 4, 27
"/dev-arthur/Projects/Padel/client/src/hooks/useInvitations.tsx", "TypeScript JSX", 0, 0, 0, 0, 0, 0, 0, 0, 0, 0, 0, 0, 27, 0, 0, 3, 30
"/dev-arthur/Projects/Padel/client/src/index.css", "CSS", 0, 0, 0, 0, 0, 0, 0, 0, 56, 0, 0, 0, 0, 0, 0, 4, 60
"/dev-arthur/Projects/Padel/client/src/lib/utils.ts", "TypeScript", 0, 5, 0, 0, 0, 0, 0, 0, 0, 0, 0, 0, 0, 0, 0, 2, 7
"/dev-arthur/Projects/Padel/client/src/lib/xlsx.ts", "TypeScript", 0, 45, 0, 0, 0, 0, 0, 0, 0, 0, 0, 0, 0, 0, 0, 7, 52
"/dev-arthur/Projects/Padel/client/src/main.tsx", "TypeScript JSX", 0, 0, 0, 0, 0, 0, 0, 0, 0, 0, 0, 0, 20, 0, 7, 4, 31
"/dev-arthur/Projects/Padel/client/src/routeTree.gen.ts", "TypeScript", 0, 133, 0, 0, 0, 0, 0, 0, 0, 0, 0, 0, 0, 0, 11, 28, 172
"/dev-arthur/Projects/Padel/client/src/routes/__root.tsx", "TypeScript JSX", 0, 0, 0, 0, 0, 0, 0, 0, 0, 0, 0, 0, 38, 0, 3, 6, 47
"/dev-arthur/Projects/Padel/client/src/routes/_auth.tsx", "TypeScript JSX", 0, 0, 0, 0, 0, 0, 0, 0, 0, 0, 0, 0, 9, 0, 0, 2, 11
"/dev-arthur/Projects/Padel/client/src/routes/_auth/categories.lazy.tsx", "TypeScript JSX", 0, 0, 0, 0, 0, 0, 0, 0, 0, 0, 0, 0, 41, 0, 0, 8, 49
"/dev-arthur/Projects/Padel/client/src/routes/_auth/doubles.lazy.tsx", "TypeScript JSX", 0, 0, 0, 0, 0, 0, 0, 0, 0, 0, 0, 0, 130, 0, 0, 12, 142
"/dev-arthur/Projects/Padel/client/src/routes/_auth/events/$id.tsx", "TypeScript JSX", 0, 0, 0, 0, 0, 0, 0, 0, 0, 0, 0, 0, 211, 0, 0, 15, 226
"/dev-arthur/Projects/Padel/client/src/routes/_auth/events/index.lazy.tsx", "TypeScript JSX", 0, 0, 0, 0, 0, 0, 0, 0, 0, 0, 0, 0, 189, 0, 0, 16, 205
"/dev-arthur/Projects/Padel/client/src/routes/_auth/places.lazy.tsx", "TypeScript JSX", 0, 0, 0, 0, 0, 0, 0, 0, 0, 0, 0, 0, 92, 0, 0, 11, 103
"/dev-arthur/Projects/Padel/client/src/routes/_auth/players.lazy.tsx", "TypeScript JSX", 0, 0, 0, 0, 0, 0, 0, 0, 0, 0, 0, 0, 125, 0, 1, 14, 140
"/dev-arthur/Projects/Padel/client/src/routes/about.lazy.tsx", "TypeScript JSX", 0, 0, 0, 0, 0, 0, 0, 0, 0, 0, 0, 0, 11, 0, 0, 3, 14
"/dev-arthur/Projects/Padel/client/src/routes/index.lazy.tsx", "TypeScript JSX", 0, 0, 0, 0, 0, 0, 0, 0, 0, 0, 0, 0, 13, 0, 0, 3, 16
"/dev-arthur/Projects/Padel/client/src/routes/login.lazy.tsx", "TypeScript JSX", 0, 0, 0, 0, 0, 0, 0, 0, 0, 0, 0, 0, 8, 0, 0, 3, 11
"/dev-arthur/Projects/Padel/client/src/routes/profile.lazy.tsx", "TypeScript JSX", 0, 0, 0, 0, 0, 0, 0, 0, 0, 0, 0, 0, 84, 0, 0, 4, 88
"/dev-arthur/Projects/Padel/client/src/routes/register.lazy.tsx", "TypeScript JSX", 0, 0, 0, 0, 0, 0, 0, 0, 0, 0, 0, 0, 8, 0, 0, 3, 11
"/dev-arthur/Projects/Padel/client/src/types/padel.types.ts", "TypeScript", 0, 200, 0, 0, 0, 0, 0, 0, 0, 0, 0, 0, 0, 0, 0, 22, 222
"/dev-arthur/Projects/Padel/client/src/util/getUniqueValuesForDays.ts", "TypeScript", 0, 7, 0, 0, 0, 0, 0, 0, 0, 0, 0, 0, 0, 0, 0, 1, 8
"/dev-arthur/Projects/Padel/client/src/util/times.ts", "TypeScript", 0, 78, 0, 0, 0, 0, 0, 0, 0, 0, 0, 0, 0, 0, 0, 2, 80
"/dev-arthur/Projects/Padel/client/src/vite-env.d.ts", "TypeScript", 0, 0, 0, 0, 0, 0, 0, 0, 0, 0, 0, 0, 0, 0, 1, 1, 2
"/dev-arthur/Projects/Padel/client/tailwind.config.js", "JavaScript", 0, 0, 0, 0, 0, 0, 0, 89, 0, 0, 0, 0, 0, 0, 6, 5, 100
"/dev-arthur/Projects/Padel/client/tsconfig.json", "JSON with Comments", 0, 0, 0, 0, 25, 0, 0, 0, 0, 0, 0, 0, 0, 0, 2, 3, 30
"/dev-arthur/Projects/Padel/client/tsconfig.node.json", "JSON", 11, 0, 0, 0, 0, 0, 0, 0, 0, 0, 0, 0, 0, 0, 0, 1, 12
"/dev-arthur/Projects/Padel/client/vite.config.ts", "TypeScript", 0, 12, 0, 0, 0, 0, 0, 0, 0, 0, 0, 0, 0, 0, 1, 2, 15
"/dev-arthur/Projects/Padel/package-lock.json", "JSON", 105, 0, 0, 0, 0, 0, 0, 0, 0, 0, 0, 0, 0, 0, 0, 1, 106
"/dev-arthur/Projects/Padel/package.json", "JSON", 18, 0, 0, 0, 0, 0, 0, 0, 0, 0, 0, 0, 0, 0, 0, 1, 19
"/dev-arthur/Projects/Padel/playwright.config.ts", "TypeScript", 0, 18, 0, 0, 0, 0, 0, 0, 0, 0, 0, 0, 0, 0, 42, 8, 68
"/dev-arthur/Projects/Padel/server/README.md", "Markdown", 0, 0, 51, 0, 0, 0, 0, 0, 0, 0, 0, 0, 0, 0, 2, 21, 74
"/dev-arthur/Projects/Padel/server/docker-compose.yml", "YAML", 0, 0, 0, 29, 0, 0, 0, 0, 0, 0, 0, 0, 0, 0, 0, 3, 32
"/dev-arthur/Projects/Padel/server/nest-cli.json", "JSON", 8, 0, 0, 0, 0, 0, 0, 0, 0, 0, 0, 0, 0, 0, 0, 1, 9
"/dev-arthur/Projects/Padel/server/package-lock.json", "JSON", 13196, 0, 0, 0, 0, 0, 0, 0, 0, 0, 0, 0, 0, 0, 0, 1, 13197
"/dev-arthur/Projects/Padel/server/package.json", "JSON", 119, 0, 0, 0, 0, 0, 0, 0, 0, 0, 0, 0, 0, 0, 0, 1, 120
"/dev-arthur/Projects/Padel/server/prisma/5doubles_one_event.sql", "SQL", 0, 0, 0, 0, 0, 66, 0, 0, 0, 0, 0, 0, 0, 0, 80, 77, 223
"/dev-arthur/Projects/Padel/server/prisma/docs/index.html", "HTML", 0, 0, 0, 0, 0, 0, 0, 0, 0, 0, 165121, 0, 0, 0, 0, 27296, 192417
"/dev-arthur/Projects/Padel/server/prisma/docs/styles/main.css", "CSS", 0, 0, 0, 0, 0, 0, 0, 0, 1, 0, 0, 0, 0, 0, 0, 0, 1
"/dev-arthur/Projects/Padel/server/prisma/jun_10.sql", "SQL", 0, 0, 0, 0, 0, 75, 0, 0, 0, 0, 0, 0, 0, 0, 95, 92, 262
"/dev-arthur/Projects/Padel/server/prisma/jun_11.sql", "SQL", 0, 0, 0, 0, 0, 106, 0, 0, 0, 0, 0, 0, 0, 0, 95, 92, 293
"/dev-arthur/Projects/Padel/server/prisma/jun_13.sql", "SQL", 0, 0, 0, 0, 0, 595, 0, 0, 0, 0, 0, 0, 0, 0, 101, 98, 794
"/dev-arthur/Projects/Padel/server/prisma/jun_13_doubles_registered_no_groups.sql", "SQL", 0, 0, 0, 0, 0, 331, 0, 0, 0, 0, 0, 0, 0, 0, 101, 98, 530
"/dev-arthur/Projects/Padel/server/prisma/jun_14_only_doubles_registered.sql", "SQL", 0, 0, 0, 0, 0, 315, 0, 0, 0, 0, 0, 0, 0, 0, 98, 95, 508
"/dev-arthur/Projects/Padel/server/prisma/jun_14_with_match_results.sql", "SQL", 0, 0, 0, 0, 0, 899, 0, 0, 0, 0, 0, 0, 0, 0, 98, 95, 1092
"/dev-arthur/Projects/Padel/server/prisma/jun_14_with_matches.sql", "SQL", 0, 0, 0, 0, 0, 851, 0, 0, 0, 0, 0, 0, 0, 0, 98, 95, 1044
"/dev-arthur/Projects/Padel/server/prisma/jun_17_event_created_with_match_results_set.sql", "SQL", 0, 0, 0, 0, 0, 445, 0, 0, 0, 0, 0, 0, 0, 0, 101, 98, 644
"/dev-arthur/Projects/Padel/server/prisma/jun_17_two_users_a_few_players.sql", "SQL", 0, 0, 0, 0, 0, 159, 0, 0, 0, 0, 0, 0, 0, 0, 104, 101, 364
"/dev-arthur/Projects/Padel/server/prisma/jun_17_two_users_a_few_players2.sql", "SQL", 0, 0, 0, 0, 0, 120, 0, 0, 0, 0, 0, 0, 0, 0, 104, 101, 325
"/dev-arthur/Projects/Padel/server/prisma/jun_17_with_matches_but_group_A_is_in_tie.sql", "SQL", 0, 0, 0, 0, 0, 787, 0, 0, 0, 0, 0, 0, 0, 0, 98, 95, 980
"/dev-arthur/Projects/Padel/server/prisma/jun_19_event_groups_stage_finals_created.sql", "SQL", 0, 0, 0, 0, 0, 488, 0, 0, 0, 0, 0, 0, 0, 0, 101, 98, 687
"/dev-arthur/Projects/Padel/server/prisma/jun_20_event_with_1_cat_all_doubles_registered.sql", "SQL", 0, 0, 0, 0, 0, 779, 0, 0, 0, 0, 0, 0, 0, 0, 101, 98, 978
"/dev-arthur/Projects/Padel/server/prisma/jun_20_event_with_1_cat_all_matches_finished.sql", "SQL", 0, 0, 0, 0, 0, 762, 0, 0, 0, 0, 0, 0, 0, 0, 101, 98, 961
"/dev-arthur/Projects/Padel/server/prisma/jun_3.sql", "SQL", 0, 0, 0, 0, 0, 162, 0, 0, 0, 0, 0, 0, 0, 0, 86, 83, 331
"/dev-arthur/Projects/Padel/server/prisma/jun_5.sql", "SQL", 0, 0, 0, 0, 0, 884, 0, 0, 0, 0, 0, 0, 0, 0, 86, 83, 1053
"/dev-arthur/Projects/Padel/server/prisma/jun_7.sql", "SQL", 0, 0, 0, 0, 0, 942, 0, 0, 0, 0, 0, 0, 0, 0, 92, 89, 1123
"/dev-arthur/Projects/Padel/server/prisma/jun_8.sql", "SQL", 0, 0, 0, 0, 0, 885, 0, 0, 0, 0, 0, 0, 0, 0, 89, 86, 1060
"/dev-arthur/Projects/Padel/server/prisma/migrations/20240315201631_new_migration/migration.sql", "SQL", 0, 0, 0, 0, 0, 136, 0, 0, 0, 0, 0, 0, 0, 0, 65, 72, 273
"/dev-arthur/Projects/Padel/server/prisma/migrations/20240315202204_uuids/migration.sql", "SQL", 0, 0, 0, 0, 0, 75, 0, 0, 0, 0, 0, 0, 0, 0, 54, 43, 172
"/dev-arthur/Projects/Padel/server/prisma/migrations/20240315203139_cat_back_to_number/migration.sql", "SQL", 0, 0, 0, 0, 0, 18, 0, 0, 0, 0, 0, 0, 0, 0, 22, 12, 52
"/dev-arthur/Projects/Padel/server/prisma/migrations/20240315203813_another/migration.sql", "SQL", 0, 0, 0, 0, 0, 1, 0, 0, 0, 0, 0, 0, 0, 0, 1, 1, 3
"/dev-arthur/Projects/Padel/server/prisma/migrations/20240316085000_newmig/migration.sql", "SQL", 0, 0, 0, 0, 0, 69, 0, 0, 0, 0, 0, 0, 0, 0, 62, 52, 183
"/dev-arthur/Projects/Padel/server/prisma/migrations/20240316094139_cat_m_n_events/migration.sql", "SQL", 0, 0, 0, 0, 0, 9, 0, 0, 0, 0, 0, 0, 0, 0, 6, 6, 21
"/dev-arthur/Projects/Padel/server/prisma/migrations/20240316094235_cats_m_n_events/migration.sql", "SQL", 0, 0, 0, 0, 0, 1, 0, 0, 0, 0, 0, 0, 0, 0, 7, 1, 9
"/dev-arthur/Projects/Padel/server/prisma/migrations/20240316202549_places_added/migration.sql", "SQL", 0, 0, 0, 0, 0, 13, 0, 0, 0, 0, 0, 0, 0, 0, 6, 7, 26
"/dev-arthur/Projects/Padel/server/prisma/migrations/20240316203234_upup/migration.sql", "SQL", 0, 0, 0, 0, 0, 1, 0, 0, 0, 0, 0, 0, 0, 0, 1, 1, 3
"/dev-arthur/Projects/Padel/server/prisma/migrations/20240316203619_ups/migration.sql", "SQL", 0, 0, 0, 0, 0, 1, 0, 0, 0, 0, 0, 0, 0, 0, 7, 1, 9
"/dev-arthur/Projects/Padel/server/prisma/migrations/20240316215738_mig/migration.sql", "SQL", 0, 0, 0, 0, 0, 5, 0, 0, 0, 0, 0, 0, 0, 0, 12, 5, 22
"/dev-arthur/Projects/Padel/server/prisma/migrations/20240316224010_event_has_1_category_for_testing/migration.sql", "SQL", 0, 0, 0, 0, 0, 5, 0, 0, 0, 0, 0, 0, 0, 0, 12, 5, 22
"/dev-arthur/Projects/Padel/server/prisma/migrations/20240316224442_/migration.sql", "SQL", 0, 0, 0, 0, 0, 10, 0, 0, 0, 0, 0, 0, 0, 0, 13, 7, 30
"/dev-arthur/Projects/Padel/server/prisma/migrations/20240317104629_event_double/migration.sql", "SQL", 0, 0, 0, 0, 0, 10, 0, 0, 0, 0, 0, 0, 0, 0, 12, 7, 29
"/dev-arthur/Projects/Padel/server/prisma/migrations/20240317111212_tadam/migration.sql", "SQL", 0, 0, 0, 0, 0, 2, 0, 0, 0, 0, 0, 0, 0, 0, 8, 2, 12
"/dev-arthur/Projects/Padel/server/prisma/migrations/20240317122357_aaaaaa/migration.sql", "SQL", 0, 0, 0, 0, 0, 2, 0, 0, 0, 0, 0, 0, 0, 0, 7, 1, 10
"/dev-arthur/Projects/Padel/server/prisma/migrations/20240317125808_newmigration/migration.sql", "SQL", 0, 0, 0, 0, 0, 4, 0, 0, 0, 0, 0, 0, 0, 0, 9, 2, 15
"/dev-arthur/Projects/Padel/server/prisma/migrations/20240317130431_readded_category_to_relation/migration.sql", "SQL", 0, 0, 0, 0, 0, 4, 0, 0, 0, 0, 0, 0, 0, 0, 9, 2, 15
"/dev-arthur/Projects/Padel/server/prisma/migrations/20240326141146_email_is_unique/migration.sql", "SQL", 0, 0, 0, 0, 0, 1, 0, 0, 0, 0, 0, 0, 0, 0, 7, 1, 9
"/dev-arthur/Projects/Padel/server/prisma/migrations/20240401135704_/migration.sql", "SQL", 0, 0, 0, 0, 0, 18, 0, 0, 0, 0, 0, 0, 0, 0, 23, 12, 53
"/dev-arthur/Projects/Padel/server/prisma/migrations/20240403150410_till_the_games/migration.sql", "SQL", 0, 0, 0, 0, 0, 22, 0, 0, 0, 0, 0, 0, 0, 0, 21, 12, 55
"/dev-arthur/Projects/Padel/server/prisma/migrations/20240404104019_added_number_to_track_matches/migration.sql", "SQL", 0, 0, 0, 0, 0, 1, 0, 0, 0, 0, 0, 0, 0, 0, 1, 1, 3
"/dev-arthur/Projects/Padel/server/prisma/migrations/20240405172037_testing_adding_all_games_to_doubles/migration.sql", "SQL", 0, 0, 0, 0, 0, 8, 0, 0, 0, 0, 0, 0, 0, 0, 5, 5, 18
"/dev-arthur/Projects/Padel/server/prisma/migrations/20240415153816_games_events/migration.sql", "SQL", 0, 0, 0, 0, 0, 8, 0, 0, 0, 0, 0, 0, 0, 0, 5, 5, 18
"/dev-arthur/Projects/Padel/server/prisma/migrations/20240415154422_sets_events/migration.sql", "SQL", 0, 0, 0, 0, 0, 8, 0, 0, 0, 0, 0, 0, 0, 0, 5, 5, 18
"/dev-arthur/Projects/Padel/server/prisma/migrations/20240415183917_adding_match_dates/migration.sql", "SQL", 0, 0, 0, 0, 0, 10, 0, 0, 0, 0, 0, 0, 0, 0, 5, 6, 21
"/dev-arthur/Projects/Padel/server/prisma/migrations/20240415184055_start_and_finish_to_dates/migration.sql", "SQL", 0, 0, 0, 0, 0, 2, 0, 0, 0, 0, 0, 0, 0, 0, 8, 1, 11
"/dev-arthur/Projects/Padel/server/prisma/migrations/20240415192431_match_id/migration.sql", "SQL", 0, 0, 0, 0, 0, 3, 0, 0, 0, 0, 0, 0, 0, 0, 3, 3, 9
"/dev-arthur/Projects/Padel/server/prisma/migrations/20240415193636_adjusting_unique_for_match_dates/migration.sql", "SQL", 0, 0, 0, 0, 0, 2, 0, 0, 0, 0, 0, 0, 0, 0, 8, 2, 12
"/dev-arthur/Projects/Padel/server/prisma/migrations/20240415194003_adjusting_match_do_date_match_relation/migration.sql", "SQL", 0, 0, 0, 0, 0, 5, 0, 0, 0, 0, 0, 0, 0, 0, 11, 5, 21
"/dev-arthur/Projects/Padel/server/prisma/migrations/20240415194138_again/migration.sql", "SQL", 0, 0, 0, 0, 0, 2, 0, 0, 0, 0, 0, 0, 0, 0, 8, 2, 12
"/dev-arthur/Projects/Padel/server/prisma/migrations/20240416192253_changed_unique_at_matchdate/migration.sql", "SQL", 0, 0, 0, 0, 0, 2, 0, 0, 0, 0, 0, 0, 0, 0, 8, 2, 12
"/dev-arthur/Projects/Padel/server/prisma/migrations/20240417130048_fixing_one_to_one_between_match_and_matchdates/migration.sql", "SQL", 0, 0, 0, 0, 0, 1, 0, 0, 0, 0, 0, 0, 0, 0, 7, 1, 9
"/dev-arthur/Projects/Padel/server/prisma/migrations/20240417130129_/migration.sql", "SQL", 0, 0, 0, 0, 0, 1, 0, 0, 0, 0, 0, 0, 0, 0, 7, 1, 9
"/dev-arthur/Projects/Padel/server/prisma/migrations/20240423115628_added_event_type/migration.sql", "SQL", 0, 0, 0, 0, 0, 10, 0, 0, 0, 0, 0, 0, 0, 0, 14, 7, 31
"/dev-arthur/Projects/Padel/server/prisma/migrations/20240424130523_adding_courts_to_the_game/migration.sql", "SQL", 0, 0, 0, 0, 0, 18, 0, 0, 0, 0, 0, 0, 0, 0, 9, 10, 37
"/dev-arthur/Projects/Padel/server/prisma/migrations/20240424132259_court_unique_by_name_and_place_id/migration.sql", "SQL", 0, 0, 0, 0, 0, 1, 0, 0, 0, 0, 0, 0, 0, 0, 7, 1, 9
"/dev-arthur/Projects/Padel/server/prisma/migrations/20240426123754_added_courts_match_date_relation/migration.sql", "SQL", 0, 0, 0, 0, 0, 2, 0, 0, 0, 0, 0, 0, 0, 0, 8, 2, 12
"/dev-arthur/Projects/Padel/server/prisma/migrations/20240426172043_event_doubles_now_have_at_rest_property/migration.sql", "SQL", 0, 0, 0, 0, 0, 3, 0, 0, 0, 0, 0, 0, 0, 0, 9, 3, 15
"/dev-arthur/Projects/Padel/server/prisma/migrations/20240502174830_took_unused_match_date_id_variable_from_matches_the_relation_is_only_accessed_via_match_date_side_of_relation_now/migration.sql", "SQL", 0, 0, 0, 0, 0, 2, 0, 0, 0, 0, 0, 0, 0, 0, 8, 2, 12
"/dev-arthur/Projects/Padel/server/prisma/migrations/20240510170142_added_many_to_many_relation_for_managing_at_rest_state_doubles_match_date/migration.sql", "SQL", 0, 0, 0, 0, 0, 9, 0, 0, 0, 0, 0, 0, 0, 0, 12, 6, 27
"/dev-arthur/Projects/Padel/server/prisma/migrations/20240510171026_created_many_to_many_relation_between_doubles_and_matchdate_in_order_to_manage_at_rest_states_of_doubles/migration.sql", "SQL", 0, 0, 0, 0, 0, 5, 0, 0, 0, 0, 0, 0, 0, 0, 12, 5, 22
"/dev-arthur/Projects/Padel/server/prisma/migrations/20240510172117_fixing/migration.sql", "SQL", 0, 0, 0, 0, 0, 3, 0, 0, 0, 0, 0, 0, 0, 0, 3, 3, 9
"/dev-arthur/Projects/Padel/server/prisma/migrations/20240517160713_add_user_model/migration.sql", "SQL", 0, 0, 0, 0, 0, 17, 0, 0, 0, 0, 0, 0, 0, 0, 13, 7, 37
"/dev-arthur/Projects/Padel/server/prisma/migrations/20240517161336_add_user_model2/migration.sql", "SQL", 0, 0, 0, 0, 0, 3, 0, 0, 0, 0, 0, 0, 0, 0, 3, 3, 9
"/dev-arthur/Projects/Padel/server/prisma/migrations/20240520120618_add_user_model3/migration.sql", "SQL", 0, 0, 0, 0, 0, 4, 0, 0, 0, 0, 0, 0, 0, 0, 7, 1, 12
"/dev-arthur/Projects/Padel/server/prisma/migrations/20240523141446_added_hashed_rt_to_user/migration.sql", "SQL", 0, 0, 0, 0, 0, 1, 0, 0, 0, 0, 0, 0, 0, 0, 1, 1, 3
"/dev-arthur/Projects/Padel/server/prisma/migrations/20240527201932_added_profile_image_to_user/migration.sql", "SQL", 0, 0, 0, 0, 0, 1, 0, 0, 0, 0, 0, 0, 0, 0, 1, 1, 3
"/dev-arthur/Projects/Padel/server/prisma/migrations/20240527215903_added_profile_image_to_user_as_string_now/migration.sql", "SQL", 0, 0, 0, 0, 0, 1, 0, 0, 0, 0, 0, 0, 0, 0, 1, 1, 3
"/dev-arthur/Projects/Padel/server/prisma/migrations/20240601000640_added_invites_to_the_game/migration.sql", "SQL", 0, 0, 0, 0, 0, 20, 0, 0, 0, 0, 0, 0, 0, 0, 11, 12, 43
"/dev-arthur/Projects/Padel/server/prisma/migrations/20240601001701_added_invites_to_the_game_fixed_typo/migration.sql", "SQL", 0, 0, 0, 0, 0, 2, 0, 0, 0, 0, 0, 0, 0, 0, 8, 1, 11
"/dev-arthur/Projects/Padel/server/prisma/migrations/20240601022740_added_invites_to_the_game_added_inviter_id_and_invited_id/migration.sql", "SQL", 0, 0, 0, 0, 0, 3, 0, 0, 0, 0, 0, 0, 0, 0, 10, 2, 15
"/dev-arthur/Projects/Padel/server/prisma/migrations/20240602131935_added_created_at_to_invite_at_schema/migration.sql", "SQL", 0, 0, 0, 0, 0, 1, 0, 0, 0, 0, 0, 0, 0, 0, 1, 1, 3
"/dev-arthur/Projects/Padel/server/prisma/migrations/20240603105847_players_are_linked_now_to_only_one_category/migration.sql", "SQL", 0, 0, 0, 0, 0, 5, 0, 0, 0, 0, 0, 0, 0, 0, 12, 5, 22
"/dev-arthur/Projects/Padel/server/prisma/migrations/20240607161202_added_requests_as_a_many_to_many_relation_between_events_and_doubles/migration.sql", "SQL", 0, 0, 0, 0, 0, 8, 0, 0, 0, 0, 0, 0, 0, 0, 5, 5, 18
"/dev-arthur/Projects/Padel/server/prisma/migrations/20240607171645_changed_to_event_request_to_handle_relations/migration.sql", "SQL", 0, 0, 0, 0, 0, 9, 0, 0, 0, 0, 0, 0, 0, 0, 4, 5, 18
"/dev-arthur/Projects/Padel/server/prisma/migrations/20240607171721_changed_to_event_request_to_handle_relations/migration.sql", "SQL", 0, 0, 0, 0, 0, 5, 0, 0, 0, 0, 0, 0, 0, 0, 11, 5, 21
"/dev-arthur/Projects/Padel/server/prisma/migrations/20240608130047_added_request_status_enum_to_schema/migration.sql", "SQL", 0, 0, 0, 0, 0, 2, 0, 0, 0, 0, 0, 0, 0, 0, 2, 2, 6
"/dev-arthur/Projects/Padel/server/prisma/migrations/20240608140735_added_doubles_invites_relation_to_facilitate_event_invites/migration.sql", "SQL", 0, 0, 0, 0, 0, 2, 0, 0, 0, 0, 0, 0, 0, 0, 2, 2, 6
"/dev-arthur/Projects/Padel/server/prisma/migrations/20240610122039_took_off_default_set_type/migration.sql", "SQL", 0, 0, 0, 0, 0, 12, 0, 0, 0, 0, 0, 0, 0, 0, 14, 5, 31
"/dev-arthur/Projects/Padel/server/prisma/migrations/20240610122810_added_default_back_to_superset_and_add_number_to_set_model/migration.sql", "SQL", 0, 0, 0, 0, 0, 2, 0, 0, 0, 0, 0, 0, 0, 0, 7, 1, 10
"/dev-arthur/Projects/Padel/server/prisma/migrations/20240610124914_fixing_match_sets_relation/migration.sql", "SQL", 0, 0, 0, 0, 0, 3, 0, 0, 0, 0, 0, 0, 0, 0, 9, 3, 15
"/dev-arthur/Projects/Padel/server/prisma/migrations/20240610125713_removed_autoincrement_to_matches_number/migration.sql", "SQL", 0, 0, 0, 0, 0, 2, 0, 0, 0, 0, 0, 0, 0, 0, 1, 1, 4
"/dev-arthur/Projects/Padel/server/prisma/migrations/20240610132745_added_match_type_to_event_model_at_schema/migration.sql", "SQL", 0, 0, 0, 0, 0, 1, 0, 0, 0, 0, 0, 0, 0, 0, 1, 1, 3
"/dev-arthur/Projects/Padel/server/prisma/migrations/20240610190130_added_groups_to_prisma_schema/migration.sql", "SQL", 0, 0, 0, 0, 0, 25, 0, 0, 0, 0, 0, 0, 0, 0, 18, 14, 57
"/dev-arthur/Projects/Padel/server/prisma/migrations/20240611161458_category_group_unique/migration.sql", "SQL", 0, 0, 0, 0, 0, 1, 0, 0, 0, 0, 0, 0, 0, 0, 7, 1, 9
"/dev-arthur/Projects/Padel/server/prisma/migrations/20240611181901_created_event_match_in_order_to_keep_track_of_a_number_for_matches_that_is_isolated_at_event_level_removed_number_from_match_was_keeping_track_of_all_matches_at_db/migration.sql", "SQL", 0, 0, 0, 0, 0, 10, 0, 0, 0, 0, 0, 0, 0, 0, 12, 6, 28
"/dev-arthur/Projects/Padel/server/prisma/migrations/20240611183154_created_event_match_type_and_changed_unique_for_id_at_event_match_model/migration.sql", "SQL", 0, 0, 0, 0, 0, 4, 0, 0, 0, 0, 0, 0, 0, 0, 3, 3, 10
"/dev-arthur/Projects/Padel/server/prisma/migrations/20240612011843_adding_matches_winner_references_for_creating_finals_properly/migration.sql", "SQL", 0, 0, 0, 0, 0, 10, 0, 0, 0, 0, 0, 0, 0, 0, 15, 7, 32
"/dev-arthur/Projects/Padel/server/prisma/migrations/20240613124009_adding_relation_betwenn_category_groups_and_event_matches/migration.sql", "SQL", 0, 0, 0, 0, 0, 2, 0, 0, 0, 0, 0, 0, 0, 0, 2, 2, 6
"/dev-arthur/Projects/Padel/server/prisma/migrations/20240613125016_adding_relation_between_event_matches_and_categories_groups_and_doubles_group/migration.sql", "SQL", 0, 0, 0, 0, 0, 2, 0, 0, 0, 0, 0, 0, 0, 0, 2, 2, 6
"/dev-arthur/Projects/Padel/server/prisma/migrations/20240613134328_fixed_typo_at_eventmatch/migration.sql", "SQL", 0, 0, 0, 0, 0, 4, 0, 0, 0, 0, 0, 0, 0, 0, 9, 3, 16
"/dev-arthur/Projects/Padel/server/prisma/migrations/20240613145657_removed_unique_relation_at_eventmatch_in_order_to_try_to_fix_circular_relations/migration.sql", "SQL", 0, 0, 0, 0, 0, 1, 0, 0, 0, 0, 0, 0, 0, 0, 1, 1, 3
"/dev-arthur/Projects/Padel/server/prisma/migrations/20240613150503_added_it_back_since_it_didnt_solve/migration.sql", "SQL", 0, 0, 0, 0, 0, 1, 0, 0, 0, 0, 0, 0, 0, 0, 7, 1, 9
"/dev-arthur/Projects/Padel/server/prisma/migrations/20240613223356_added_is_finished_to_category_group_added_group_matches_finished_to_event/migration.sql", "SQL", 0, 0, 0, 0, 0, 2, 0, 0, 0, 0, 0, 0, 0, 0, 2, 2, 6
"/dev-arthur/Projects/Padel/server/prisma/migrations/20240614005031_rework_with_groups_stage_is_finished/migration.sql", "SQL", 0, 0, 0, 0, 0, 5, 0, 0, 0, 0, 0, 0, 0, 0, 9, 2, 16
"/dev-arthur/Projects/Padel/server/prisma/migrations/20240614132208_back_to_id_event_id_match_id_at_event_match/migration.sql", "SQL", 0, 0, 0, 0, 0, 6, 0, 0, 0, 0, 0, 0, 0, 0, 11, 4, 21
"/dev-arthur/Projects/Padel/server/prisma/migrations/20240614143056_changed_doubles_for_eventdoubles_at_doubles_groups_schema/migration.sql", "SQL", 0, 0, 0, 0, 0, 7, 0, 0, 0, 0, 0, 0, 0, 0, 13, 7, 27
"/dev-arthur/Projects/Padel/server/prisma/migrations/20240614171555_took_off_relation_between_doubles_and_doubles_group_this_is_handled_now_using_event_double/migration.sql", "SQL", 0, 0, 0, 0, 0, 2, 0, 0, 0, 0, 0, 0, 0, 0, 8, 2, 12
"/dev-arthur/Projects/Padel/server/prisma/migrations/20240617151613_adjusting_one_to_one_relation_between_event_match_and_match/migration.sql", "SQL", 0, 0, 0, 0, 0, 3, 0, 0, 0, 0, 0, 0, 0, 0, 8, 1, 12
"/dev-arthur/Projects/Padel/server/prisma/migrations/20240617154214_adjusting_circular_dependency_between_event_matches_and_matches/migration.sql", "SQL", 0, 0, 0, 0, 0, 14, 0, 0, 0, 0, 0, 0, 0, 0, 16, 10, 40
"/dev-arthur/Projects/Padel/server/prisma/migrations/20240617163647_adjusting_circular_dependency_between_event_matches_and_matches/migration.sql", "SQL", 0, 0, 0, 0, 0, 3, 0, 0, 0, 0, 0, 0, 0, 0, 8, 1, 12
"/dev-arthur/Projects/Padel/server/prisma/migrations/20240617165254_added_group_finished_at_schema_for_doubles_group/migration.sql", "SQL", 0, 0, 0, 0, 0, 1, 0, 0, 0, 0, 0, 0, 0, 0, 1, 1, 3
"/dev-arthur/Projects/Padel/server/prisma/migrations/20240617182632_added_unique_to_doubles_groups/migration.sql", "SQL", 0, 0, 0, 0, 0, 1, 0, 0, 0, 0, 0, 0, 0, 0, 7, 1, 9
"/dev-arthur/Projects/Padel/server/prisma/migrations/20240618115101_changed_names_at_matchesreference/migration.sql", "SQL", 0, 0, 0, 0, 0, 20, 0, 0, 0, 0, 0, 0, 0, 0, 28, 15, 63
"/dev-arthur/Projects/Padel/server/prisma/migrations/20240618124527_fixing_matchesreferenced/migration.sql", "SQL", 0, 0, 0, 0, 0, 2, 0, 0, 0, 0, 0, 0, 0, 0, 2, 2, 6
"/dev-arthur/Projects/Padel/server/prisma/migrations/20240618124659_fixing_matchesreferenced/migration.sql", "SQL", 0, 0, 0, 0, 0, 19, 0, 0, 0, 0, 0, 0, 0, 0, 20, 14, 53
"/dev-arthur/Projects/Padel/server/prisma/migrations/20240618130317_fixing_matchesreferenced2/migration.sql", "SQL", 0, 0, 0, 0, 0, 14, 0, 0, 0, 0, 0, 0, 0, 0, 22, 11, 47
"/dev-arthur/Projects/Padel/server/prisma/migrations/20240619121405_added_is_updated_to_matches_reference/migration.sql", "SQL", 0, 0, 0, 0, 0, 1, 0, 0, 0, 0, 0, 0, 0, 0, 1, 1, 3
"/dev-arthur/Projects/Padel/server/prisma/migrations/20240620132010_added_first_place_and_second_place_to_category_groups_added_category_finished_for_ending_categories/migration.sql", "SQL", 0, 0, 0, 0, 0, 5, 0, 0, 0, 0, 0, 0, 0, 0, 3, 3, 11
"/dev-arthur/Projects/Padel/server/prisma/old.sql", "SQL", 0, 0, 0, 0, 0, 368, 0, 0, 0, 0, 0, 0, 0, 0, 74, 71, 513
"/dev-arthur/Projects/Padel/server/prisma/oldTTest.sql", "SQL", 0, 0, 0, 0, 0, 74, 0, 0, 0, 0, 0, 0, 0, 0, 80, 77, 231
"/dev-arthur/Projects/Padel/server/prisma/prisma-client-exception.filter.ts", "TypeScript", 0, 26, 0, 0, 0, 0, 0, 0, 0, 0, 0, 0, 0, 0, 0, 10, 36
"/dev-arthur/Projects/Padel/server/prisma/prisma.module.ts", "TypeScript", 0, 7, 0, 0, 0, 0, 0, 0, 0, 0, 0, 0, 0, 0, 0, 2, 9
"/dev-arthur/Projects/Padel/server/prisma/schema.prisma", "Prisma", 0, 0, 0, 0, 0, 0, 0, 0, 0, 317, 0, 0, 0, 0, 4, 41, 362
"/dev-arthur/Projects/Padel/server/prisma/seed.ts", "TypeScript", 0, 53, 0, 0, 0, 0, 0, 0, 0, 0, 0, 0, 0, 0, 7, 8, 68
"/dev-arthur/Projects/Padel/server/prisma/test.sql", "SQL", 0, 0, 0, 0, 0, 145, 0, 0, 0, 0, 0, 0, 0, 0, 80, 77, 302
"/dev-arthur/Projects/Padel/server/prisma/users.sql", "SQL", 0, 0, 0, 0, 0, 723, 0, 0, 0, 0, 0, 0, 0, 0, 92, 89, 904
"/dev-arthur/Projects/Padel/server/src/app.module.ts", "TypeScript", 0, 51, 0, 0, 0, 0, 0, 0, 0, 0, 0, 0, 0, 0, 0, 3, 54
"/dev-arthur/Projects/Padel/server/src/auth/auth.controller.spec.ts", "TypeScript", 0, 16, 0, 0, 0, 0, 0, 0, 0, 0, 0, 0, 0, 0, 0, 5, 21
"/dev-arthur/Projects/Padel/server/src/auth/auth.controller.ts", "TypeScript", 0, 62, 0, 0, 0, 0, 0, 0, 0, 0, 0, 0, 0, 0, 1, 7, 70
"/dev-arthur/Projects/Padel/server/src/auth/auth.module.ts", "TypeScript", 0, 24, 0, 0, 0, 0, 0, 0, 0, 0, 0, 0, 0, 0, 0, 2, 26
"/dev-arthur/Projects/Padel/server/src/auth/auth.service.spec.ts", "TypeScript", 0, 14, 0, 0, 0, 0, 0, 0, 0, 0, 0, 0, 0, 0, 0, 5, 19
"/dev-arthur/Projects/Padel/server/src/auth/auth.service.ts", "TypeScript", 0, 120, 0, 0, 0, 0, 0, 0, 0, 0, 0, 0, 0, 0, 1, 14, 135
"/dev-arthur/Projects/Padel/server/src/auth/dto/login.dto.ts", "TypeScript", 0, 13, 0, 0, 0, 0, 0, 0, 0, 0, 0, 0, 0, 0, 0, 3, 16
"/dev-arthur/Projects/Padel/server/src/auth/dto/refresh.dto.ts", "TypeScript", 0, 8, 0, 0, 0, 0, 0, 0, 0, 0, 0, 0, 0, 0, 0, 2, 10
"/dev-arthur/Projects/Padel/server/src/auth/entity/auth.entity.ts", "TypeScript", 0, 10, 0, 0, 0, 0, 0, 0, 0, 0, 0, 0, 0, 0, 0, 4, 14
"/dev-arthur/Projects/Padel/server/src/auth/jwt-auth.guard.ts", "TypeScript", 0, 4, 0, 0, 0, 0, 0, 0, 0, 0, 0, 0, 0, 0, 0, 2, 6
"/dev-arthur/Projects/Padel/server/src/auth/jwt.strategy.ts", "TypeScript", 0, 16, 0, 0, 0, 0, 0, 0, 0, 0, 0, 0, 0, 0, 0, 3, 19
"/dev-arthur/Projects/Padel/server/src/auth/local-auth.guard.ts", "TypeScript", 0, 4, 0, 0, 0, 0, 0, 0, 0, 0, 0, 0, 0, 0, 0, 2, 6
"/dev-arthur/Projects/Padel/server/src/auth/local.strategy.ts", "TypeScript", 0, 26, 0, 0, 0, 0, 0, 0, 0, 0, 0, 0, 0, 0, 0, 5, 31
"/dev-arthur/Projects/Padel/server/src/auth/refresh-jwt-auth.guard.ts", "TypeScript", 0, 4, 0, 0, 0, 0, 0, 0, 0, 0, 0, 0, 0, 0, 0, 2, 6
"/dev-arthur/Projects/Padel/server/src/auth/refreshToken.strategy.ts", "TypeScript", 0, 17, 0, 0, 0, 0, 0, 0, 0, 0, 0, 0, 0, 0, 0, 3, 20
"/dev-arthur/Projects/Padel/server/src/auth/roles.decorator.ts", "TypeScript", 0, 2, 0, 0, 0, 0, 0, 0, 0, 0, 0, 0, 0, 0, 0, 2, 4
"/dev-arthur/Projects/Padel/server/src/auth/roles.guard.ts", "TypeScript", 0, 50, 0, 0, 0, 0, 0, 0, 0, 0, 0, 0, 0, 0, 0, 6, 56
"/dev-arthur/Projects/Padel/server/src/auth/types/auth.types.ts", "TypeScript", 0, 6, 0, 0, 0, 0, 0, 0, 0, 0, 0, 0, 0, 0, 0, 1, 7
"/dev-arthur/Projects/Padel/server/src/categories/categories.controller.ts", "TypeScript", 0, 98, 0, 0, 0, 0, 0, 0, 0, 0, 0, 0, 0, 0, 0, 5, 103
"/dev-arthur/Projects/Padel/server/src/categories/categories.module.ts", "TypeScript", 0, 10, 0, 0, 0, 0, 0, 0, 0, 0, 0, 0, 0, 0, 0, 2, 12
"/dev-arthur/Projects/Padel/server/src/categories/categories.service.ts", "TypeScript", 0, 54, 0, 0, 0, 0, 0, 0, 0, 0, 0, 0, 0, 0, 0, 8, 62
"/dev-arthur/Projects/Padel/server/src/categories/dto/create-category.dto.ts", "TypeScript", 0, 9, 0, 0, 0, 0, 0, 0, 0, 0, 0, 0, 0, 0, 0, 3, 12
"/dev-arthur/Projects/Padel/server/src/categories/dto/get-category-by-id.dto.ts", "TypeScript", 0, 3, 0, 0, 0, 0, 0, 0, 0, 0, 0, 0, 0, 0, 0, 1, 4
"/dev-arthur/Projects/Padel/server/src/categories/dto/update-category.dto.ts", "TypeScript", 0, 3, 0, 0, 0, 0, 0, 0, 0, 0, 0, 0, 0, 0, 0, 2, 5
"/dev-arthur/Projects/Padel/server/src/categories/entities/category.entity.ts", "TypeScript", 0, 1, 0, 0, 0, 0, 0, 0, 0, 0, 0, 0, 0, 0, 0, 1, 2
"/dev-arthur/Projects/Padel/server/src/categories/types/categories.types.ts", "TypeScript", 0, 5, 0, 0, 0, 0, 0, 0, 0, 0, 0, 0, 0, 0, 0, 1, 6
"/dev-arthur/Projects/Padel/server/src/config/typeorm.ts", "TypeScript", 0, 18, 0, 0, 0, 0, 0, 0, 0, 0, 0, 0, 0, 0, 0, 4, 22
"/dev-arthur/Projects/Padel/server/src/courts/courts.controller.spec.ts", "TypeScript", 0, 16, 0, 0, 0, 0, 0, 0, 0, 0, 0, 0, 0, 0, 0, 5, 21
"/dev-arthur/Projects/Padel/server/src/courts/courts.controller.ts", "TypeScript", 0, 79, 0, 0, 0, 0, 0, 0, 0, 0, 0, 0, 0, 0, 0, 5, 84
"/dev-arthur/Projects/Padel/server/src/courts/courts.module.ts", "TypeScript", 0, 10, 0, 0, 0, 0, 0, 0, 0, 0, 0, 0, 0, 0, 0, 2, 12
"/dev-arthur/Projects/Padel/server/src/courts/courts.service.spec.ts", "TypeScript", 0, 14, 0, 0, 0, 0, 0, 0, 0, 0, 0, 0, 0, 0, 0, 5, 19
"/dev-arthur/Projects/Padel/server/src/courts/courts.service.ts", "TypeScript", 0, 48, 0, 0, 0, 0, 0, 0, 0, 0, 0, 0, 0, 0, 0, 6, 54
"/dev-arthur/Projects/Padel/server/src/courts/dto/create-court.dto.ts", "TypeScript", 0, 9, 0, 0, 0, 0, 0, 0, 0, 0, 0, 0, 0, 0, 0, 3, 12
"/dev-arthur/Projects/Padel/server/src/courts/dto/update-court.dto.ts", "TypeScript", 0, 3, 0, 0, 0, 0, 0, 0, 0, 0, 0, 0, 0, 0, 0, 2, 5
"/dev-arthur/Projects/Padel/server/src/courts/entities/court.entity.ts", "TypeScript", 0, 1, 0, 0, 0, 0, 0, 0, 0, 0, 0, 0, 0, 0, 0, 1, 2
"/dev-arthur/Projects/Padel/server/src/database/postGresErrorCodes.enum.ts", "TypeScript", 0, 3, 0, 0, 0, 0, 0, 0, 0, 0, 0, 0, 0, 0, 0, 1, 4
"/dev-arthur/Projects/Padel/server/src/doubles/doubles.controller.spec.ts", "TypeScript", 0, 16, 0, 0, 0, 0, 0, 0, 0, 0, 0, 0, 0, 0, 0, 5, 21
"/dev-arthur/Projects/Padel/server/src/doubles/doubles.controller.ts", "TypeScript", 0, 80, 0, 0, 0, 0, 0, 0, 0, 0, 0, 0, 0, 0, 0, 6, 86
"/dev-arthur/Projects/Padel/server/src/doubles/doubles.module.ts", "TypeScript", 0, 10, 0, 0, 0, 0, 0, 0, 0, 0, 0, 0, 0, 0, 0, 2, 12
"/dev-arthur/Projects/Padel/server/src/doubles/doubles.service.spec.ts", "TypeScript", 0, 14, 0, 0, 0, 0, 0, 0, 0, 0, 0, 0, 0, 0, 0, 5, 19
"/dev-arthur/Projects/Padel/server/src/doubles/doubles.service.ts", "TypeScript", 0, 162, 0, 0, 0, 0, 0, 0, 0, 0, 0, 0, 0, 0, 0, 18, 180
"/dev-arthur/Projects/Padel/server/src/doubles/dto/create-double.dto.ts", "TypeScript", 0, 13, 0, 0, 0, 0, 0, 0, 0, 0, 0, 0, 0, 0, 0, 2, 15
"/dev-arthur/Projects/Padel/server/src/doubles/dto/get-doubles-by-id.dto.ts", "TypeScript", 0, 3, 0, 0, 0, 0, 0, 0, 0, 0, 0, 0, 0, 0, 0, 1, 4
"/dev-arthur/Projects/Padel/server/src/doubles/dto/update-double.dto.ts", "TypeScript", 0, 3, 0, 0, 0, 0, 0, 0, 0, 0, 0, 0, 0, 0, 0, 2, 5
"/dev-arthur/Projects/Padel/server/src/doubles/entities/double.entity.ts", "TypeScript", 0, 1, 0, 0, 0, 0, 0, 0, 0, 0, 0, 0, 0, 0, 0, 1, 2
"/dev-arthur/Projects/Padel/server/src/event-matches/dto/create-event-match.dto.ts", "TypeScript", 0, 1, 0, 0, 0, 0, 0, 0, 0, 0, 0, 0, 0, 0, 0, 1, 2
"/dev-arthur/Projects/Padel/server/src/event-matches/dto/find-event-match.dto.ts", "TypeScript", 0, 9, 0, 0, 0, 0, 0, 0, 0, 0, 0, 0, 0, 0, 0, 3, 12
"/dev-arthur/Projects/Padel/server/src/event-matches/dto/update-event-match.dto.ts", "TypeScript", 0, 3, 0, 0, 0, 0, 0, 0, 0, 0, 0, 0, 0, 0, 0, 2, 5
"/dev-arthur/Projects/Padel/server/src/event-matches/entities/event-match.entity.ts", "TypeScript", 0, 1, 0, 0, 0, 0, 0, 0, 0, 0, 0, 0, 0, 0, 0, 1, 2
"/dev-arthur/Projects/Padel/server/src/event-matches/event-matches.controller.spec.ts", "TypeScript", 0, 16, 0, 0, 0, 0, 0, 0, 0, 0, 0, 0, 0, 0, 0, 5, 21
"/dev-arthur/Projects/Padel/server/src/event-matches/event-matches.controller.ts", "TypeScript", 0, 40, 0, 0, 0, 0, 0, 0, 0, 0, 0, 0, 0, 0, 0, 7, 47
"/dev-arthur/Projects/Padel/server/src/event-matches/event-matches.module.ts", "TypeScript", 0, 9, 0, 0, 0, 0, 0, 0, 0, 0, 0, 0, 0, 0, 0, 2, 11
"/dev-arthur/Projects/Padel/server/src/event-matches/event-matches.service.spec.ts", "TypeScript", 0, 14, 0, 0, 0, 0, 0, 0, 0, 0, 0, 0, 0, 0, 0, 5, 19
"/dev-arthur/Projects/Padel/server/src/event-matches/event-matches.service.ts", "TypeScript", 0, 40, 0, 0, 0, 0, 0, 0, 0, 0, 0, 0, 0, 0, 0, 7, 47
"/dev-arthur/Projects/Padel/server/src/events/dto/activate-event.dto.ts", "TypeScript", 0, 37, 0, 0, 0, 0, 0, 0, 0, 0, 0, 0, 0, 0, 0, 10, 47
"/dev-arthur/Projects/Padel/server/src/events/dto/create-event.dto.ts", "TypeScript", 0, 43, 0, 0, 0, 0, 0, 0, 0, 0, 0, 0, 0, 0, 0, 9, 52
"/dev-arthur/Projects/Padel/server/src/events/dto/create-finals.dto.ts", "TypeScript", 0, 7, 0, 0, 0, 0, 0, 0, 0, 0, 0, 0, 0, 0, 0, 2, 9
"/dev-arthur/Projects/Padel/server/src/events/dto/create-schedule.dto.ts", "TypeScript", 0, 27, 0, 0, 0, 0, 0, 0, 0, 0, 0, 0, 0, 0, 0, 7, 34
"/dev-arthur/Projects/Padel/server/src/events/dto/delete-doubles.dto.ts", "TypeScript", 0, 15, 0, 0, 0, 0, 0, 0, 0, 0, 0, 0, 0, 0, 0, 4, 19
"/dev-arthur/Projects/Padel/server/src/events/dto/end-groups-stage.dto.ts", "TypeScript", 0, 7, 0, 0, 0, 0, 0, 0, 0, 0, 0, 0, 0, 0, 0, 2, 9
"/dev-arthur/Projects/Padel/server/src/events/dto/get-event-by-id.dto.ts", "TypeScript", 0, 6, 0, 0, 0, 0, 0, 0, 0, 0, 0, 0, 0, 0, 0, 2, 8
"/dev-arthur/Projects/Padel/server/src/events/dto/handle-request.dto.ts", "TypeScript", 0, 15, 0, 0, 0, 0, 0, 0, 0, 0, 0, 0, 0, 0, 0, 5, 20
"/dev-arthur/Projects/Padel/server/src/events/dto/register-doubles-event.dto.ts", "TypeScript", 0, 9, 0, 0, 0, 0, 0, 0, 0, 0, 0, 0, 0, 0, 0, 3, 12
"/dev-arthur/Projects/Padel/server/src/events/dto/update-event.dto.ts", "TypeScript", 0, 8, 0, 0, 0, 0, 0, 0, 0, 0, 0, 0, 0, 0, 0, 2, 10
"/dev-arthur/Projects/Padel/server/src/events/entities/event.entity.ts", "TypeScript", 0, 1, 0, 0, 0, 0, 0, 0, 0, 0, 0, 0, 0, 0, 0, 1, 2
"/dev-arthur/Projects/Padel/server/src/events/events.controller.spec.ts", "TypeScript", 0, 16, 0, 0, 0, 0, 0, 0, 0, 0, 0, 0, 0, 0, 0, 5, 21
"/dev-arthur/Projects/Padel/server/src/events/events.controller.ts", "TypeScript", 0, 236, 0, 0, 0, 0, 0, 0, 0, 0, 0, 0, 0, 0, 0, 20, 256
"/dev-arthur/Projects/Padel/server/src/events/events.module.ts", "TypeScript", 0, 22, 0, 0, 0, 0, 0, 0, 0, 0, 0, 0, 0, 0, 0, 2, 24
"/dev-arthur/Projects/Padel/server/src/events/events.service.spec.ts", "TypeScript", 0, 92, 0, 0, 0, 0, 0, 0, 0, 0, 0, 0, 0, 0, 12, 16, 120
"/dev-arthur/Projects/Padel/server/src/events/events.service.ts", "TypeScript", 0, 2198, 0, 0, 0, 0, 0, 0, 0, 0, 0, 0, 0, 0, 45, 183, 2426
"/dev-arthur/Projects/Padel/server/src/games/dto/create-game.dto.ts", "TypeScript", 0, 7, 0, 0, 0, 0, 0, 0, 0, 0, 0, 0, 0, 0, 0, 1, 8
"/dev-arthur/Projects/Padel/server/src/games/dto/update-game.dto.ts", "TypeScript", 0, 3, 0, 0, 0, 0, 0, 0, 0, 0, 0, 0, 0, 0, 0, 2, 5
"/dev-arthur/Projects/Padel/server/src/games/entities/game.entity.ts", "TypeScript", 0, 1, 0, 0, 0, 0, 0, 0, 0, 0, 0, 0, 0, 0, 0, 1, 2
"/dev-arthur/Projects/Padel/server/src/games/games.controller.spec.ts", "TypeScript", 0, 16, 0, 0, 0, 0, 0, 0, 0, 0, 0, 0, 0, 0, 0, 5, 21
"/dev-arthur/Projects/Padel/server/src/games/games.controller.ts", "TypeScript", 0, 79, 0, 0, 0, 0, 0, 0, 0, 0, 0, 0, 0, 0, 0, 6, 85
"/dev-arthur/Projects/Padel/server/src/games/games.module.ts", "TypeScript", 0, 10, 0, 0, 0, 0, 0, 0, 0, 0, 0, 0, 0, 0, 0, 2, 12
"/dev-arthur/Projects/Padel/server/src/games/games.service.spec.ts", "TypeScript", 0, 14, 0, 0, 0, 0, 0, 0, 0, 0, 0, 0, 0, 0, 0, 5, 19
"/dev-arthur/Projects/Padel/server/src/games/games.service.ts", "TypeScript", 0, 47, 0, 0, 0, 0, 0, 0, 0, 0, 0, 0, 0, 0, 0, 6, 53
"/dev-arthur/Projects/Padel/server/src/invites/dto/cancel-doubles-invite.dto.ts", "TypeScript", 0, 7, 0, 0, 0, 0, 0, 0, 0, 0, 0, 0, 0, 0, 0, 2, 9
"/dev-arthur/Projects/Padel/server/src/invites/dto/cancel-event-invite.dto.ts", "TypeScript", 0, 7, 0, 0, 0, 0, 0, 0, 0, 0, 0, 0, 0, 0, 0, 2, 9
"/dev-arthur/Projects/Padel/server/src/invites/dto/create-doubles-invite.dto.ts", "TypeScript", 0, 10, 0, 0, 0, 0, 0, 0, 0, 0, 0, 0, 0, 0, 0, 3, 13
"/dev-arthur/Projects/Padel/server/src/invites/dto/create-event-invite.dto.ts", "TypeScript", 0, 13, 0, 0, 0, 0, 0, 0, 0, 0, 0, 0, 0, 0, 0, 4, 17
"/dev-arthur/Projects/Padel/server/src/invites/dto/create-invite.dto.ts", "TypeScript", 0, 1, 0, 0, 0, 0, 0, 0, 0, 0, 0, 0, 0, 0, 0, 1, 2
"/dev-arthur/Projects/Padel/server/src/invites/dto/respond-doubles-invite.dto.ts", "TypeScript", 0, 10, 0, 0, 0, 0, 0, 0, 0, 0, 0, 0, 0, 0, 0, 3, 13
"/dev-arthur/Projects/Padel/server/src/invites/dto/respond-event-invite.dto.ts", "TypeScript", 0, 10, 0, 0, 0, 0, 0, 0, 0, 0, 0, 0, 0, 0, 0, 3, 13
"/dev-arthur/Projects/Padel/server/src/invites/dto/update-invite.dto.ts", "TypeScript", 0, 3, 0, 0, 0, 0, 0, 0, 0, 0, 0, 0, 0, 0, 0, 2, 5
"/dev-arthur/Projects/Padel/server/src/invites/entities/invite.entity.ts", "TypeScript", 0, 1, 0, 0, 0, 0, 0, 0, 0, 0, 0, 0, 0, 0, 0, 1, 2
"/dev-arthur/Projects/Padel/server/src/invites/invites.controller.spec.ts", "TypeScript", 0, 16, 0, 0, 0, 0, 0, 0, 0, 0, 0, 0, 0, 0, 0, 5, 21
"/dev-arthur/Projects/Padel/server/src/invites/invites.controller.ts", "TypeScript", 0, 168, 0, 0, 0, 0, 0, 0, 0, 0, 0, 0, 0, 0, 0, 12, 180
"/dev-arthur/Projects/Padel/server/src/invites/invites.module.ts", "TypeScript", 0, 24, 0, 0, 0, 0, 0, 0, 0, 0, 0, 0, 0, 0, 0, 2, 26
"/dev-arthur/Projects/Padel/server/src/invites/invites.service.spec.ts", "TypeScript", 0, 14, 0, 0, 0, 0, 0, 0, 0, 0, 0, 0, 0, 0, 0, 5, 19
"/dev-arthur/Projects/Padel/server/src/invites/invites.service.ts", "TypeScript", 0, 403, 0, 0, 0, 0, 0, 0, 0, 0, 0, 0, 0, 0, 0, 40, 443
"/dev-arthur/Projects/Padel/server/src/main.ts", "TypeScript", 0, 25, 0, 0, 0, 0, 0, 0, 0, 0, 0, 0, 0, 0, 2, 5, 32
"/dev-arthur/Projects/Padel/server/src/match-dates/dto/create-match-date.dto.ts", "TypeScript", 0, 16, 0, 0, 0, 0, 0, 0, 0, 0, 0, 0, 0, 0, 0, 5, 21
"/dev-arthur/Projects/Padel/server/src/match-dates/dto/update-match-date.dto.ts", "TypeScript", 0, 3, 0, 0, 0, 0, 0, 0, 0, 0, 0, 0, 0, 0, 0, 2, 5
"/dev-arthur/Projects/Padel/server/src/match-dates/entities/match-date.entity.ts", "TypeScript", 0, 1, 0, 0, 0, 0, 0, 0, 0, 0, 0, 0, 0, 0, 0, 1, 2
"/dev-arthur/Projects/Padel/server/src/match-dates/match-dates.controller.spec.ts", "TypeScript", 0, 16, 0, 0, 0, 0, 0, 0, 0, 0, 0, 0, 0, 0, 0, 5, 21
"/dev-arthur/Projects/Padel/server/src/match-dates/match-dates.controller.ts", "TypeScript", 0, 92, 0, 0, 0, 0, 0, 0, 0, 0, 0, 0, 0, 0, 0, 7, 99
"/dev-arthur/Projects/Padel/server/src/match-dates/match-dates.module.ts", "TypeScript", 0, 10, 0, 0, 0, 0, 0, 0, 0, 0, 0, 0, 0, 0, 0, 2, 12
"/dev-arthur/Projects/Padel/server/src/match-dates/match-dates.service.spec.ts", "TypeScript", 0, 14, 0, 0, 0, 0, 0, 0, 0, 0, 0, 0, 0, 0, 0, 5, 19
"/dev-arthur/Projects/Padel/server/src/match-dates/match-dates.service.ts", "TypeScript", 0, 100, 0, 0, 0, 0, 0, 0, 0, 0, 0, 0, 0, 0, 3, 7, 110
"/dev-arthur/Projects/Padel/server/src/matches/dto/create-match.dto.ts", "TypeScript", 0, 24, 0, 0, 0, 0, 0, 0, 0, 0, 0, 0, 0, 0, 0, 4, 28
"/dev-arthur/Projects/Padel/server/src/matches/dto/match-finished.dto.ts", "TypeScript", 0, 22, 0, 0, 0, 0, 0, 0, 0, 0, 0, 0, 0, 0, 0, 3, 25
"/dev-arthur/Projects/Padel/server/src/matches/dto/update-match.dto.ts", "TypeScript", 0, 3, 0, 0, 0, 0, 0, 0, 0, 0, 0, 0, 0, 0, 0, 2, 5
"/dev-arthur/Projects/Padel/server/src/matches/entities/match.entity.ts", "TypeScript", 0, 1, 0, 0, 0, 0, 0, 0, 0, 0, 0, 0, 0, 0, 0, 1, 2
"/dev-arthur/Projects/Padel/server/src/matches/matches.controller.spec.ts", "TypeScript", 0, 16, 0, 0, 0, 0, 0, 0, 0, 0, 0, 0, 0, 0, 0, 5, 21
"/dev-arthur/Projects/Padel/server/src/matches/matches.controller.ts", "TypeScript", 0, 103, 0, 0, 0, 0, 0, 0, 0, 0, 0, 0, 0, 0, 0, 8, 111
"/dev-arthur/Projects/Padel/server/src/matches/matches.module.ts", "TypeScript", 0, 18, 0, 0, 0, 0, 0, 0, 0, 0, 0, 0, 0, 0, 0, 2, 20
"/dev-arthur/Projects/Padel/server/src/matches/matches.service.spec.ts", "TypeScript", 0, 14, 0, 0, 0, 0, 0, 0, 0, 0, 0, 0, 0, 0, 0, 5, 19
"/dev-arthur/Projects/Padel/server/src/matches/matches.service.ts", "TypeScript", 0, 333, 0, 0, 0, 0, 0, 0, 0, 0, 0, 0, 0, 0, 27, 33, 393
"/dev-arthur/Projects/Padel/server/src/places/dto/create-place.dto.ts", "TypeScript", 0, 12, 0, 0, 0, 0, 0, 0, 0, 0, 0, 0, 0, 0, 0, 4, 16
"/dev-arthur/Projects/Padel/server/src/places/dto/update-place.dto.ts", "TypeScript", 0, 3, 0, 0, 0, 0, 0, 0, 0, 0, 0, 0, 0, 0, 0, 2, 5
"/dev-arthur/Projects/Padel/server/src/places/entities/place.entity.ts", "TypeScript", 0, 1, 0, 0, 0, 0, 0, 0, 0, 0, 0, 0, 0, 0, 0, 1, 2
"/dev-arthur/Projects/Padel/server/src/places/places.controller.spec.ts", "TypeScript", 0, 16, 0, 0, 0, 0, 0, 0, 0, 0, 0, 0, 0, 0, 0, 5, 21
"/dev-arthur/Projects/Padel/server/src/places/places.controller.ts", "TypeScript", 0, 79, 0, 0, 0, 0, 0, 0, 0, 0, 0, 0, 0, 0, 0, 6, 85
"/dev-arthur/Projects/Padel/server/src/places/places.module.ts", "TypeScript", 0, 11, 0, 0, 0, 0, 0, 0, 0, 0, 0, 0, 0, 0, 0, 2, 13
"/dev-arthur/Projects/Padel/server/src/places/places.service.spec.ts", "TypeScript", 0, 14, 0, 0, 0, 0, 0, 0, 0, 0, 0, 0, 0, 0, 0, 5, 19
"/dev-arthur/Projects/Padel/server/src/places/places.service.ts", "TypeScript", 0, 72, 0, 0, 0, 0, 0, 0, 0, 0, 0, 0, 0, 0, 0, 10, 82
"/dev-arthur/Projects/Padel/server/src/players/dto/create-player.dto.ts", "TypeScript", 0, 25, 0, 0, 0, 0, 0, 0, 0, 0, 0, 0, 0, 0, 3, 7, 35
"/dev-arthur/Projects/Padel/server/src/players/dto/update-player.dto.ts", "TypeScript", 0, 6, 0, 0, 0, 0, 0, 0, 0, 0, 0, 0, 0, 0, 0, 1, 7
"/dev-arthur/Projects/Padel/server/src/players/player.controller.ts", "TypeScript", 0, 104, 0, 0, 0, 0, 0, 0, 0, 0, 0, 0, 0, 0, 0, 8, 112
"/dev-arthur/Projects/Padel/server/src/players/player.module.ts", "TypeScript", 0, 11, 0, 0, 0, 0, 0, 0, 0, 0, 0, 0, 0, 0, 0, 2, 13
"/dev-arthur/Projects/Padel/server/src/players/player.service.ts", "TypeScript", 0, 166, 0, 0, 0, 0, 0, 0, 0, 0, 0, 0, 0, 0, 0, 12, 178
"/dev-arthur/Projects/Padel/server/src/prisma.service.ts", "TypeScript", 0, 8, 0, 0, 0, 0, 0, 0, 0, 0, 0, 0, 0, 0, 0, 2, 10
"/dev-arthur/Projects/Padel/server/src/prisma.ts", "TypeScript", 0, 4, 0, 0, 0, 0, 0, 0, 0, 0, 0, 0, 0, 0, 0, 2, 6
"/dev-arthur/Projects/Padel/server/src/sets/dto/create-set.dto.ts", "TypeScript", 0, 28, 0, 0, 0, 0, 0, 0, 0, 0, 0, 0, 0, 0, 0, 3, 31
"/dev-arthur/Projects/Padel/server/src/sets/dto/set-finished.dto.ts", "TypeScript", 0, 22, 0, 0, 0, 0, 0, 0, 0, 0, 0, 0, 0, 0, 0, 3, 25
"/dev-arthur/Projects/Padel/server/src/sets/dto/update-set.dto.ts", "TypeScript", 0, 3, 0, 0, 0, 0, 0, 0, 0, 0, 0, 0, 0, 0, 0, 2, 5
"/dev-arthur/Projects/Padel/server/src/sets/entities/set.entity.ts", "TypeScript", 0, 1, 0, 0, 0, 0, 0, 0, 0, 0, 0, 0, 0, 0, 0, 1, 2
"/dev-arthur/Projects/Padel/server/src/sets/sets.controller.spec.ts", "TypeScript", 0, 16, 0, 0, 0, 0, 0, 0, 0, 0, 0, 0, 0, 0, 0, 5, 21
"/dev-arthur/Projects/Padel/server/src/sets/sets.controller.ts", "TypeScript", 0, 93, 0, 0, 0, 0, 0, 0, 0, 0, 0, 0, 0, 0, 0, 8, 101
"/dev-arthur/Projects/Padel/server/src/sets/sets.module.ts", "TypeScript", 0, 12, 0, 0, 0, 0, 0, 0, 0, 0, 0, 0, 0, 0, 0, 2, 14
"/dev-arthur/Projects/Padel/server/src/sets/sets.service.spec.ts", "TypeScript", 0, 14, 0, 0, 0, 0, 0, 0, 0, 0, 0, 0, 0, 0, 0, 5, 19
"/dev-arthur/Projects/Padel/server/src/sets/sets.service.ts", "TypeScript", 0, 119, 0, 0, 0, 0, 0, 0, 0, 0, 0, 0, 0, 0, 0, 14, 133
"/dev-arthur/Projects/Padel/server/src/users/dto/connect-to-player.dto.ts", "TypeScript", 0, 23, 0, 0, 0, 0, 0, 0, 0, 0, 0, 0, 0, 0, 0, 7, 30
"/dev-arthur/Projects/Padel/server/src/users/dto/create-user.dto.ts", "TypeScript", 0, 27, 0, 0, 0, 0, 0, 0, 0, 0, 0, 0, 0, 0, 0, 8, 35
"/dev-arthur/Projects/Padel/server/src/users/dto/update-user.dto.ts", "TypeScript", 0, 3, 0, 0, 0, 0, 0, 0, 0, 0, 0, 0, 0, 0, 0, 2, 5
"/dev-arthur/Projects/Padel/server/src/users/entities/user.entity.ts", "TypeScript", 0, 28, 0, 0, 0, 0, 0, 0, 0, 0, 0, 0, 0, 0, 0, 11, 39
"/dev-arthur/Projects/Padel/server/src/users/users.controller.spec.ts", "TypeScript", 0, 16, 0, 0, 0, 0, 0, 0, 0, 0, 0, 0, 0, 0, 0, 5, 21
"/dev-arthur/Projects/Padel/server/src/users/users.controller.ts", "TypeScript", 0, 114, 0, 0, 0, 0, 0, 0, 0, 0, 0, 0, 0, 0, 0, 10, 124
"/dev-arthur/Projects/Padel/server/src/users/users.module.ts", "TypeScript", 0, 11, 0, 0, 0, 0, 0, 0, 0, 0, 0, 0, 0, 0, 0, 2, 13
"/dev-arthur/Projects/Padel/server/src/users/users.service.spec.ts", "TypeScript", 0, 14, 0, 0, 0, 0, 0, 0, 0, 0, 0, 0, 0, 0, 0, 5, 19
"/dev-arthur/Projects/Padel/server/src/users/users.service.ts", "TypeScript", 0, 108, 0, 0, 0, 0, 0, 0, 0, 0, 0, 0, 0, 0, 3, 11, 122
"/dev-arthur/Projects/Padel/server/src/utils/cleanStringExtraSpaces.ts", "TypeScript", 0, 6, 0, 0, 0, 0, 0, 0, 0, 0, 0, 0, 0, 0, 0, 1, 7
"/dev-arthur/Projects/Padel/server/src/utils/countries.csv", "CSV", 0, 0, 0, 0, 0, 0, 0, 0, 0, 0, 0, 0, 0, 250, 0, 1, 251
"/dev-arthur/Projects/Padel/server/src/utils/delay.ts", "TypeScript", 0, 2, 0, 0, 0, 0, 0, 0, 0, 0, 0, 0, 0, 0, 0, 1, 3
"/dev-arthur/Projects/Padel/server/src/utils/excludeNull.interceptor.ts", "TypeScript", 0, 17, 0, 0, 0, 0, 0, 0, 0, 0, 0, 0, 0, 0, 0, 2, 19
"/dev-arthur/Projects/Padel/server/src/utils/formatTimestampToDate.ts", "TypeScript", 0, 14, 0, 0, 0, 0, 0, 0, 0, 0, 0, 0, 0, 0, 0, 4, 18
"/dev-arthur/Projects/Padel/server/src/utils/idIsUUID.ts", "TypeScript", 0, 6, 0, 0, 0, 0, 0, 0, 0, 0, 0, 0, 0, 0, 0, 3, 9
"/dev-arthur/Projects/Padel/server/src/utils/mocks/artists.mock.ts", "TypeScript", 0, 0, 0, 0, 0, 0, 0, 0, 0, 0, 0, 0, 0, 0, 119, 10, 129
"/dev-arthur/Projects/Padel/server/src/utils/mocks/repositories.mock.ts", "TypeScript", 0, 0, 0, 0, 0, 0, 0, 0, 0, 0, 0, 0, 0, 0, 18, 3, 21
"/dev-arthur/Projects/Padel/server/src/utils/prismaError.ts", "TypeScript", 0, 4, 0, 0, 0, 0, 0, 0, 0, 0, 0, 0, 0, 0, 0, 1, 5
"/dev-arthur/Projects/Padel/server/src/utils/recursivelyStripNullValues.ts", "TypeScript", 0, 16, 0, 0, 0, 0, 0, 0, 0, 0, 0, 0, 0, 0, 0, 1, 17
"/dev-arthur/Projects/Padel/server/tsconfig.build.json", "JSON", 4, 0, 0, 0, 0, 0, 0, 0, 0, 0, 0, 0, 0, 0, 0, 1, 5
"/dev-arthur/Projects/Padel/server/tsconfig.json", "JSON with Comments", 0, 0, 0, 0, 21, 0, 0, 0, 0, 0, 0, 0, 0, 0, 0, 1, 22
"/dev-arthur/Projects/Padel/tests/example.spec.ts", "TypeScript", 0, 10, 0, 0, 0, 0, 0, 0, 0, 0, 0, 0, 0, 0, 3, 6, 19
"/dev-arthur/Projects/Padel/tests/mocks/playersMock.ts", "TypeScript", 0, 0, 0, 0, 0, 0, 0, 0, 0, 0, 0, 0, 0, 0, 379, 6, 385
"/dev-arthur/Projects/Padel/tests/populate.spec.ts", "TypeScript", 0, 88, 0, 0, 0, 0, 0, 0, 0, 0, 0, 0, 0, 0, 124, 19, 231
"/dev-arthur/Projects/Padel/tests/secondEvent.spec.ts", "TypeScript", 0, 36, 0, 0, 0, 0, 0, 0, 0, 0, 0, 0, 0, 0, 113, 10, 159
"/dev-arthur/Projects/Padel/tests/softPopulate.spec.ts", "TypeScript", 0, 39, 0, 0, 0, 0, 0, 0, 0, 0, 0, 0, 0, 0, 84, 18, 141
"/dev-arthur/Projects/Padel/tsconfig.json", "JSON with Comments", 0, 0, 0, 0, 10, 0, 0, 0, 0, 0, 0, 0, 0, 0, 91, 9, 110
"Total", "-", 19891, 7933, 73, 56, 56, 11743, 1, 118, 57, 317, 165134, 3, 12456, 250, 4445, 32065, 254598